OrderID,CustomerID,CustomerName,Age,Gender,Country,Product,Quantity,UnitPrice,PurchaseDate,PaymentMethod,Total,,,
1,1510,Customer_1,24,Unknown,France,Phone,1,500,9/22/2022,PayPal,500,,,
2,1365,Customer_2,31,Female,Canada,Headphones,6,100,6/3/2022,Cash,600,,,
3,1382,Customer_3,47,Female,Japan,Charger,5,50,12/1/2023,Bank Transfer,250,,,
4,1322,Customer_4,42,Other,Germany,,8,50,12/28/2023,PayPal,400,,,
5,1988,Customer_5,30,Other,Canada,Charger,3,1000,6/1/2023,Credit Card,3000,,,
6,,Customer_6,83,Male,Unknown,,8,500,4/29/2022,Bank Transfer,4000,,,
7,1742,Customer_7,40,Other,Unknown,Headphones,8,50,6/9/2021,Credit Card,400,,,
8,1017,Customer_8,30,Male,USA,Headphones,2,50,12/11/2023,Unknown,100,,,
9,1595,Customer_9,27,Female,UK,Tablet,5,2000,9/22/2022,Cash,10000,,,
10,1106,Customer_10,39,Female,France,Phone,3,2000,4/4/2021,Cash,6000,,,
11,1123,Customer_11,150,Female,Canada,,5,1000,1/29/2022,Cash,5000,,,
12,1569,Customer_12,56,Male,Canada,Laptop,0,1000,10/20/2022,Cash,0,,,
13,1214,Customer_13,75,Female,USA,Headphones,0,1000,12/22/2021,Credit Card,0,,,
14,1737,Customer_14,46,Female,UK,Laptop,6,,8/11/2022,Unknown,0,,,
15,1096,Customer_15,36,Male,Canada,,9,,2/26/2021,Credit Card,0,,,
16,1113,Customer_16,75,Other,Japan,Laptop,6,100,9/15/2021,Cash,888888,,,
17,1638,Customer_17,29,Female,Canada,,4,250,11/3/2021,Unknown,1000,,,
18,1047,Customer_18,29,Female,Canada,Headphones,0,1000,2/14/2023,Credit Card,0,,,
19,1073,Customer_19,39,Female,USA,Laptop,1,1000,8/18/2022,Cash,1000,,,
20,1544,Customer_20,40,Male,Germany,Charger,7,1000,2/23/2023,Credit Card,7000,,,
21,1942,Customer_21,43,Female,UK,,4,300,11/12/2022,PayPal,-1200,,,
22,1224,Customer_22,33,Male,France,,5,100,9/26/2021,Cash,500,,,
23,1111,Customer_23,72,Female,USA,Tablet,9,500,4/23/2022,Bank Transfer,4500,,,
24,1409,Customer_24,57,Female,USA,Phone,0,2000,6/29/2023,PayPal,0,,,
25,1339,Customer_25,82,Female,Canada,Tablet,3,50,12/28/2022,Bank Transfer,150,,,
26,1846,Customer_26,27,Male,UK,Charger,0,250,11/12/2023,PayPal,,,,
27,1253,Customer_27,51,Female,Japan,Tablet,4,500,10/28/2023,Unknown,2000,,,
28,1420,Customer_28,84,Female,France,Laptop,7,50,8/23/2023,Unknown,350,,,
29,1608,Customer_29,32,Male,UK,,6,,12/4/2022,PayPal,0,,,
30,1208,Customer_30,58,Female,USA,Laptop,5,500,8/10/2022,Bank Transfer,2500,,,
31,1068,Customer_31,55,Female,India,Laptop,0,2000,3/30/2023,PayPal,0,,,
32,1817,Customer_32,37,Female,India,Tablet,5,100,12/10/2021,Bank Transfer,500,,,
33,1823,Customer_33,79,Male,USA,Tablet,5,1000,9/19/2023,Cash,5000,,,
34,1451,Customer_34,25,Male,Japan,Laptop,6,,5/28/2021,Credit Card,0,,,
35,1002,Customer_35,21,Female,UK,Charger,5,500,11/25/2023,Cash,2500,,,
36,1340,Customer_36,32,Male,USA,,,250,2/11/2023,Bank Transfer,0,,,
37,1039,Customer_37,78,Male,India,Headphones,2,250,7/7/2022,Unknown,500,,,
38,1322,Customer_38,,Male,Germany,Phone,3,,9/16/2023,Cash,0,,,
39,1596,Customer_39,65,Other,Canada,Charger,9,50,1/28/2021,Cash,450,,,
40,1559,Customer_40,83,Male,UK,Laptop,,250,11/9/2023,Unknown,0,,,
41,1504,Customer_41,40,Female,USA,Charger,9,100,11/27/2023,Unknown,900,,,
42,1957,Customer_42,48,Male,UK,Charger,,250,1/23/2023,Bank Transfer,0,,,
43,1176,Customer_43,16,Female,Japan,,0,500,2/10/2022,Unknown,0,,,
44,1135,Customer_44,32,Female,USA,,2,,2/10/2022,Unknown,0,,,
45,1873,Customer_45,58,Female,France,Tablet,0,250,1/23/2023,Cash,0,,,
46,1099,Customer_46,73,Male,Canada,Headphones,5,500,3/16/2023,Credit Card,2500,,,
47,1380,Customer_47,34,Female,UK,Headphones,8,2000,11/10/2023,Credit Card,16000,,,
48,1860,Customer_48,69,Male,UK,Phone,8,500,9/26/2023,Unknown,4000,,,
49,1180,Customer_49,16,Female,UK,,6,1000,10/7/2023,Bank Transfer,6000,,,
50,1358,Customer_50,31,Female,UK,Tablet,7,100,9/24/2021,Unknown,700,,,
51,1865,Customer_51,39,Female,Unknown,Headphones,0,50,5/31/2022,Cash,0,,,
52,1213,Customer_52,79,Female,France,Headphones,,2000,5/11/2023,Credit Card,0,,,
53,1630,Customer_53,73,Female,USA,Phone,2,500,5/29/2022,PayPal,1000,,,
54,1862,Customer_54,39,Male,Japan,Phone,3,1000,7/15/2021,PayPal,3000,,,
55,1411,Customer_55,73,Male,Japan,Charger,2,250,8/25/2022,Cash,500,,,
56,1290,Customer_56,79,Female,UK,Headphones,3,250,6/7/2023,Cash,750,,,
57,1993,Customer_57,56,Male,Japan,Tablet,7,50,5/9/2021,PayPal,350,,,
58,1588,Customer_58,48,Female,Germany,Charger,6,100,5/28/2021,Bank Transfer,600,,,
59,1680,Customer_59,73,Female,UK,Laptop,6,100,3/23/2023,Credit Card,600,,,
60,1899,Customer_60,71,Female,Germany,Charger,2,2000,10/25/2022,Unknown,4000,,,
61,1106,Customer_61,30,Other,Japan,,5,500,6/26/2023,Bank Transfer,2500,,,
62,1837,Customer_62,80,Male,Japan,Headphones,7,,4/28/2023,Bank Transfer,0,,,
63,1576,Customer_63,27,Female,Germany,Phone,,500,5/28/2022,Bank Transfer,0,,,
64,1843,Customer_64,50,Female,USA,Tablet,7,100,1/31/2023,PayPal,700,,,
65,1418,Customer_65,52,Male,UK,Phone,8,100,2/7/2023,Cash,800,,,
66,1826,Customer_66,45,Male,Japan,Laptop,,100,10/8/2023,Credit Card,0,,,
67,1394,Customer_67,26,Male,Canada,Laptop,6,2000,4/1/2023,Credit Card,12000,,,
68,1790,Customer_68,75,Female,USA,Laptop,8,,2/23/2023,PayPal,0,,,
69,1717,Customer_69,47,Female,France,Tablet,9,50,11/7/2023,Credit Card,450,,,
70,1146,Customer_70,17,Male,Germany,,,2000,7/4/2021,PayPal,0,,,
71,1484,Customer_71,25,Male,Unknown,Headphones,9,50,5/17/2021,Unknown,450,,,
72,1271,Customer_72,61,Male,UK,Headphones,0,2000,12/9/2021,Cash,0,,,
73,1411,Customer_73,37,Other,Germany,Headphones,6,250,5/19/2022,PayPal,1500,,,
74,1765,Customer_74,70,Male,Unknown,Laptop,0,50,8/18/2023,PayPal,0,,,
75,1158,Customer_75,74,Female,Unknown,Phone,0,100,10/5/2021,Bank Transfer,0,,,
76,1180,Customer_76,45,Male,Unknown,Phone,8,2000,12/22/2023,Credit Card,16000,,,
77,1582,Customer_77,68,Female,Canada,Charger,8,100,4/21/2022,Credit Card,800,,,
78,1365,Customer_78,36,Female,France,Phone,3,500,2/19/2021,Credit Card,1500,,,
79,1371,Customer_79,35,Male,UK,Laptop,,50,1/29/2022,Unknown,0,,,
80,1154,Customer_80,54,Male,UK,Charger,8,100,5/10/2022,Credit Card,800,,,
81,1720,Customer_81,50,Unknown,Canada,Charger,5,100,3/16/2023,Unknown,500,,,
82,1390,Customer_82,44,Female,Japan,Charger,6,50,9/23/2023,Unknown,300,,,
83,1782,Customer_83,71,Female,Germany,Phone,9,1000,2/15/2021,Cash,9000,,,
84,1255,Customer_84,70,Female,India,Headphones,0,250,9/28/2023,PayPal,0,,,
85,1244,Customer_85,68,Male,Unknown,,3,500,9/30/2021,Credit Card,1500,,,
86,1359,Customer_86,63,Female,UK,Tablet,8,50,7/17/2023,Unknown,400,,,
87,1971,Customer_87,82,Female,USA,Headphones,7,250,11/6/2022,Unknown,1750,,,
88,1950,Customer_88,70,Male,Japan,Phone,9,100,7/9/2021,Bank Transfer,900,,,
89,1967,Customer_89,47,Male,Unknown,Headphones,8,100,11/26/2023,Cash,800,,,
90,1129,Customer_90,73,Male,Germany,Phone,2,500,9/13/2021,Bank Transfer,1000,,,
91,1555,Customer_91,84,Female,Japan,Laptop,2,2000,12/3/2023,Bank Transfer,4000,,,
92,1186,Customer_92,43,Other,USA,Charger,2,1000,7/23/2022,Bank Transfer,2000,,,
93,1357,Customer_93,75,Male,Unknown,Tablet,,250,8/4/2021,Unknown,0,,,
94,1695,Customer_94,28,Female,Japan,Headphones,7,,5/23/2022,Bank Transfer,0,,,
95,1537,Customer_95,33,Male,France,,4,2000,9/24/2023,PayPal,8000,,,
96,1434,Customer_96,66,Male,India,Headphones,9,250,5/17/2023,Unknown,2250,,,
97,1980,Customer_97,65,Male,Japan,Headphones,0,2000,9/19/2022,Cash,0,,,
98,1824,Customer_98,58,Female,Unknown,Charger,8,1000,5/26/2023,Credit Card,8000,,,
99,1305,Customer_99,61,Female,France,Tablet,4,100,6/16/2022,Unknown,400,,,
100,1780,Customer_100,39,Male,Unknown,Headphones,0,500,1/3/2021,PayPal,0,,,
101,1530,Customer_101,20,Male,Germany,,,50,6/21/2023,Credit Card,0,,,
102,1465,Customer_102,45,Other,Germany,Laptop,9,,5/29/2021,Unknown,0,,,
103,1513,Customer_103,58,Male,USA,Tablet,3,500,11/28/2022,PayPal,1500,,,
104,1051,Customer_104,68,Female,USA,,9,2000,5/10/2021,Cash,18000,,,
105,1940,Customer_105,39,Male,USA,Laptop,2,100,4/10/2023,Credit Card,200,,,
106,1885,Customer_106,29,Other,India,Headphones,2,50,9/10/2023,Unknown,100,,,
107,1745,Customer_107,51,Female,USA,Laptop,5,,6/13/2021,Cash,0,,,
108,1304,Customer_108,41,Female,India,Headphones,,50,8/21/2023,Unknown,0,,,
109,1056,Customer_109,28,Male,France,Charger,7,50,8/27/2021,PayPal,350,,,
110,1987,Customer_110,36,Male,India,Tablet,1,50,11/28/2021,Unknown,50,,,
111,1945,Customer_111,55,Male,Canada,Charger,7,50,10/18/2023,PayPal,350,,,
112,1342,Customer_112,58,Female,France,Phone,2,250,11/16/2021,PayPal,500,,,
113,1515,Customer_113,74,Female,UK,Charger,7,250,12/21/2021,Cash,1750,,,
114,1067,Customer_114,64,Male,France,Phone,0,100,3/11/2023,Bank Transfer,0,,,
115,1139,Customer_115,62,Male,France,,3,100,12/30/2022,Unknown,300,,,
116,1661,Customer_116,34,Male,France,Phone,5,100,9/23/2022,Unknown,500,,,
117,1473,Customer_117,27,Female,France,Laptop,1,500,1/27/2023,Bank Transfer,500,,,
118,1615,Customer_118,51,Female,Germany,,6,500,9/22/2022,Bank Transfer,3000,,,
119,1489,Customer_119,48,Female,France,,3,2000,12/24/2021,Credit Card,6000,,,
120,1354,Customer_120,77,Female,UK,Charger,8,50,6/14/2022,Unknown,400,,,
121,1003,Customer_121,56,Female,Germany,,1,50,9/29/2022,Unknown,50,,,
122,1907,Customer_122,34,Female,Japan,Tablet,5,250,7/26/2023,Unknown,1250,,,
123,1259,Customer_123,46,Female,Germany,Phone,0,50,8/31/2022,Cash,0,,,
124,1755,Customer_124,65,Male,Germany,Tablet,3,,9/15/2021,Credit Card,0,,,
125,1222,Customer_125,57,Male,UK,Laptop,6,250,9/20/2023,Cash,1500,,,
126,1262,Customer_126,32,Unknown,Germany,Headphones,5,100,9/8/2022,Credit Card,500,,,
127,1265,Customer_127,83,Male,France,Phone,9,500,6/19/2023,Unknown,4500,,,
128,1087,Customer_128,21,Female,Canada,,6,500,8/26/2023,PayPal,3000,,,
129,1014,Customer_129,75,Female,UK,Headphones,5,2000,10/17/2021,PayPal,10000,,,
130,1998,Customer_130,34,Male,Japan,Laptop,0,250,12/18/2023,Unknown,0,,,
131,1467,Customer_131,73,Unknown,France,Charger,9,,2/25/2023,Cash,0,,,
132,1889,Customer_132,55,Female,USA,Tablet,4,1000,6/26/2023,Cash,4000,,,
133,1198,Customer_133,60,Male,Japan,Phone,5,2000,4/5/2023,Bank Transfer,10000,,,
134,1140,Customer_134,57,Male,Germany,,0,250,11/28/2021,PayPal,0,,,
135,1438,Customer_135,,Female,Unknown,,6,250,7/28/2023,PayPal,1500,,,
136,1539,Customer_136,39,Male,India,Phone,8,1000,1/26/2022,Unknown,8000,,,
137,1806,Customer_137,37,Male,Canada,Charger,8,,6/21/2023,Credit Card,0,,,
138,1401,Customer_138,68,Female,Unknown,Headphones,3,250,2/4/2023,Bank Transfer,750,,,
139,1957,Customer_139,39,Male,USA,Headphones,,100,12/2/2023,Unknown,0,,,
140,1878,Customer_140,40,Female,India,Tablet,7,1000,7/11/2021,Cash,7000,,,
141,1842,Customer_141,32,Female,USA,Tablet,2,100,4/12/2023,Unknown,200,,,
142,1867,Customer_142,50,Female,USA,Headphones,7,,10/21/2022,PayPal,0,,,
143,1628,Customer_143,71,Male,USA,Laptop,,,4/14/2021,PayPal,0,,,
144,1099,Customer_144,43,Female,USA,Phone,6,1000,1/6/2023,Cash,6000,,,
145,1193,Customer_145,81,Unknown,USA,Phone,5,1000,5/19/2022,Cash,5000,,,
146,1815,Customer_146,49,Male,Japan,Charger,,500,1/8/2023,Credit Card,0,,,
147,1493,Customer_147,80,Female,USA,Charger,6,2000,3/3/2021,Bank Transfer,12000,,,
148,1016,Customer_148,18,Male,Germany,Laptop,5,100,12/21/2022,PayPal,500,,,
149,1645,Customer_149,74,Male,Canada,Phone,7,100,4/8/2021,PayPal,700,,,
150,1360,Customer_150,71,Female,India,Charger,1,250,3/1/2021,Bank Transfer,250,,,
151,1109,Customer_151,37,Male,Japan,Charger,7,250,7/31/2022,PayPal,1750,,,
152,1086,Customer_152,57,Male,Japan,Laptop,2,2000,1/25/2023,PayPal,4000,,,
153,1046,Customer_153,19,Male,Unknown,Phone,0,100,3/4/2022,PayPal,0,,,
154,1271,Customer_154,27,Male,India,Laptop,7,,3/31/2022,PayPal,0,,,
155,1315,Customer_155,52,Male,Unknown,Phone,8,2000,3/11/2021,Cash,16000,,,
156,1296,Customer_156,56,Female,Unknown,Phone,,1000,10/19/2023,Unknown,0,,,
157,1409,Customer_157,73,Male,USA,Charger,9,50,4/23/2022,Credit Card,450,,,
158,1301,Customer_158,78,Male,USA,,4,,1/28/2022,Cash,0,,,
159,1433,Customer_159,20,Female,Germany,Charger,6,250,10/18/2021,Credit Card,1500,,,
160,1768,Customer_160,32,Male,Germany,Tablet,7,500,11/17/2021,Unknown,3500,,,
161,1419,Customer_161,43,Unknown,Japan,Laptop,7,,7/23/2022,Credit Card,0,,,
162,1925,Customer_162,42,Male,Unknown,Headphones,4,250,6/23/2023,Unknown,1000,,,
163,1385,Customer_163,68,Female,Germany,Headphones,8,1000,5/20/2023,Unknown,8000,,,
164,1979,Customer_164,41,Female,USA,Tablet,7,2000,9/15/2022,Cash,14000,,,
165,1836,Customer_165,64,Male,Japan,Laptop,3,250,9/29/2022,Credit Card,750,,,
166,1926,Customer_166,75,Male,Unknown,,1,50,8/23/2023,Unknown,50,,,
167,1903,Customer_167,42,Male,Canada,Phone,3,500,2/6/2021,Cash,1500,,,
168,1861,Customer_168,53,Male,Germany,Charger,8,50,3/27/2023,Bank Transfer,400,,,
169,1486,Customer_169,24,Female,Canada,Laptop,6,100,3/7/2021,Credit Card,600,,,
170,1060,Customer_170,47,Female,Germany,Charger,3,500,6/21/2023,Cash,1500,,,
171,1321,Customer_171,16,Male,UK,Phone,2,500,8/20/2023,Bank Transfer,1000,,,
172,1884,Customer_172,24,Female,India,Charger,,1000,1/6/2021,Bank Transfer,0,,,
173,1766,Customer_173,65,Female,Canada,Headphones,5,100,6/22/2023,PayPal,500,,,
174,1972,Customer_174,52,Female,USA,Laptop,1,50,6/17/2022,PayPal,50,,,
175,1323,Customer_175,21,Female,Germany,Charger,,100,8/9/2022,Credit Card,0,,,
176,1812,Customer_176,52,Male,UK,Tablet,5,500,11/12/2023,Cash,2500,,,
177,1819,Customer_177,54,Female,Germany,Laptop,8,100,3/7/2022,PayPal,800,,,
178,1647,Customer_178,19,Male,Japan,Headphones,6,50,3/6/2022,PayPal,300,,,
179,1998,Customer_179,64,Male,France,Headphones,4,,11/16/2021,Unknown,0,,,
180,1088,Customer_180,52,Female,India,Headphones,9,,5/20/2021,PayPal,0,,,
181,1966,Customer_181,25,Female,Unknown,Laptop,5,100,4/10/2021,Bank Transfer,500,,,
182,1141,Customer_182,23,Female,UK,,6,2000,11/25/2021,Unknown,12000,,,
183,1412,Customer_183,38,Female,India,Charger,7,1000,7/9/2022,Unknown,7000,,,
184,1364,Customer_184,78,Male,India,,5,100,1/18/2023,PayPal,500,,,
185,1319,Customer_185,81,Male,UK,Charger,1,,1/19/2022,Credit Card,0,,,
186,1340,Customer_186,53,Male,India,Tablet,2,,8/15/2022,Credit Card,0,,,
187,1932,Customer_187,35,Female,UK,,7,2000,9/15/2022,Bank Transfer,14000,,,
188,1631,Customer_188,46,Other,France,Phone,,100,2/11/2022,Unknown,0,,,
189,1496,Customer_189,45,Female,UK,,7,250,5/2/2023,PayPal,1750,,,
190,1480,Customer_190,63,Male,Japan,Tablet,8,250,4/28/2021,Bank Transfer,2000,,,
191,1377,Customer_191,25,Female,Germany,Laptop,3,250,3/19/2023,Bank Transfer,750,,,
192,1424,Customer_192,75,Male,France,,9,500,9/8/2023,PayPal,4500,,,
193,1472,Customer_193,24,Male,Unknown,Tablet,3,500,8/19/2021,PayPal,1500,,,
194,1884,Customer_194,73,Unknown,India,Charger,6,50,2/19/2021,Cash,300,,,
195,1762,Customer_195,47,Female,Germany,,8,50,4/23/2022,PayPal,400,,,
196,1959,Customer_196,31,Female,France,Charger,1,500,8/4/2021,Unknown,500,,,
197,1058,Customer_197,27,Female,UK,Laptop,8,2000,5/27/2023,PayPal,16000,,,
198,1493,Customer_198,50,Male,France,Charger,1,,12/5/2023,Credit Card,0,,,
199,1077,Customer_199,62,Female,Unknown,Phone,7,,5/21/2021,Unknown,0,,,
200,1008,Customer_200,32,Female,Japan,,4,50,2/1/2021,Bank Transfer,200,,,
201,1206,Customer_201,44,Male,USA,Headphones,1,50,11/12/2023,PayPal,50,,,
202,1390,Customer_202,72,Female,UK,Tablet,,2000,9/1/2022,Credit Card,0,,,
203,1065,Customer_203,51,Female,UK,Laptop,8,100,10/25/2023,Credit Card,800,,,
204,1222,Customer_204,83,Female,Germany,Tablet,9,,12/25/2022,Cash,0,,,
205,1198,Customer_205,22,Male,USA,Headphones,3,2000,9/22/2022,PayPal,6000,,,
206,1552,Customer_206,34,Male,India,,4,2000,5/28/2022,Cash,8000,,,
207,1887,Customer_207,43,Female,Canada,Laptop,2,,8/20/2023,Bank Transfer,0,,,
208,1970,Customer_208,36,Female,UK,Charger,4,500,7/26/2023,Bank Transfer,2000,,,
209,1076,Customer_209,20,Other,UK,Headphones,1,2000,9/29/2021,Credit Card,2000,,,
210,1460,Customer_210,64,Male,USA,Charger,2,500,2/1/2023,Credit Card,1000,,,
211,1665,Customer_211,16,Other,Canada,Charger,2,2000,7/3/2021,PayPal,4000,,,
212,1490,Customer_212,79,Female,Japan,Tablet,3,2000,11/6/2021,Credit Card,6000,,,
213,1635,Customer_213,43,Male,Canada,Phone,7,500,9/7/2023,Cash,3500,,,
214,1497,Customer_214,59,Male,Japan,,6,50,8/9/2023,Bank Transfer,300,,,
215,1135,Customer_215,63,Male,Unknown,Headphones,5,1000,12/24/2021,Credit Card,5000,,,
216,1781,Customer_216,27,Male,UK,Charger,7,1000,8/1/2022,Credit Card,7000,,,
217,1428,Customer_217,33,Male,India,Charger,8,,10/23/2022,Cash,0,,,
218,1763,Customer_218,60,Male,France,Laptop,5,1000,9/25/2023,Credit Card,5000,,,
219,1257,Customer_219,66,Male,Unknown,Charger,2,500,10/12/2021,Unknown,1000,,,
220,1759,Customer_220,20,Female,Japan,Phone,4,,8/17/2021,Cash,0,,,
221,1681,Customer_221,46,Male,France,Headphones,0,100,4/12/2023,PayPal,0,,,
222,1206,Customer_222,81,Female,Japan,Charger,0,250,8/20/2023,Credit Card,0,,,
223,1440,Customer_223,60,Female,Germany,Laptop,9,2000,9/17/2021,Bank Transfer,18000,,,
224,1471,Customer_224,74,Female,Japan,,7,50,1/14/2022,Credit Card,350,,,
225,1575,Customer_225,17,Male,Japan,,,250,9/3/2023,Cash,0,,,
226,1481,Customer_226,71,Female,Germany,Laptop,,50,8/3/2023,Unknown,0,,,
227,1515,Customer_227,50,Other,USA,Tablet,3,500,7/31/2023,Cash,1500,,,
228,1017,Customer_228,59,Male,India,Headphones,5,,5/23/2021,Unknown,0,,,
229,1088,Customer_229,40,Female,Unknown,Charger,5,250,7/30/2021,Bank Transfer,1250,,,
230,1750,Customer_230,31,Female,France,,5,100,11/7/2023,Credit Card,500,,,
231,1215,Customer_231,73,Male,Germany,Charger,8,500,6/9/2022,PayPal,4000,,,
232,1197,Customer_232,56,Male,UK,Headphones,8,,4/4/2023,Credit Card,0,,,
233,1609,Customer_233,59,Female,Japan,,5,,7/17/2021,Credit Card,0,,,
234,1562,Customer_234,35,Female,Canada,Phone,5,1000,12/5/2021,Credit Card,5000,,,
235,1357,Customer_235,74,Other,Japan,Headphones,6,250,11/30/2021,Credit Card,1500,,,
236,1130,Customer_236,83,Male,Unknown,,9,2000,1/10/2023,Unknown,18000,,,
237,1658,Customer_237,47,Female,UK,Tablet,7,2000,9/20/2021,Cash,14000,,,
238,1814,Customer_238,79,Male,Canada,Tablet,9,100,6/14/2023,Credit Card,900,,,
239,1557,Customer_239,54,Male,Germany,Tablet,8,500,12/19/2022,Unknown,4000,,,
240,1953,Customer_240,30,Female,India,Tablet,8,,11/20/2021,Bank Transfer,0,,,
241,1931,Customer_241,33,Male,Unknown,Charger,4,500,12/28/2023,Cash,2000,,,
242,1530,Customer_242,82,Male,Unknown,Tablet,3,,12/14/2022,Unknown,0,,,
243,1475,Customer_243,44,Female,Unknown,Laptop,9,50,11/5/2021,Credit Card,450,,,
244,1686,Customer_244,16,Male,USA,Headphones,8,2000,2/10/2023,PayPal,16000,,,
245,1950,Customer_245,60,Female,Japan,Charger,4,,10/15/2023,PayPal,0,,,
246,1503,Customer_246,81,Female,India,Tablet,4,100,1/29/2021,PayPal,400,,,
247,1073,Customer_247,49,Male,USA,Charger,8,1000,12/24/2021,Unknown,8000,,,
248,1977,Customer_248,36,Female,Canada,Laptop,9,1000,6/19/2022,Unknown,9000,,,
249,1574,Customer_249,63,Female,Unknown,Charger,8,500,9/7/2021,PayPal,4000,,,
250,1707,Customer_250,48,Female,Germany,Headphones,6,2000,4/18/2021,Bank Transfer,12000,,,
251,1651,Customer_251,72,Female,Canada,Headphones,5,50,9/7/2021,Bank Transfer,250,,,
252,1410,Customer_252,55,Male,UK,Laptop,9,100,9/29/2023,Unknown,900,,,
253,1092,Customer_253,30,Female,Japan,Phone,7,,10/20/2023,Bank Transfer,0,,,
254,1459,Customer_254,45,Male,USA,Tablet,,2000,11/2/2023,Cash,0,,,
255,1906,Customer_255,59,Female,Germany,,3,50,3/15/2021,Credit Card,150,,,
256,1899,Customer_256,70,Female,UK,,5,500,2/25/2021,Unknown,2500,,,
257,1557,Customer_257,32,Male,Japan,Phone,0,100,10/3/2023,PayPal,0,,,
258,1634,Customer_258,54,Female,Canada,Laptop,4,500,1/17/2022,Unknown,2000,,,
259,1442,Customer_259,63,Female,USA,,3,250,7/1/2021,Bank Transfer,750,,,
260,1187,Customer_260,18,Other,India,Laptop,9,1000,6/13/2021,PayPal,9000,,,
261,1407,Customer_261,52,Female,Germany,Charger,1,2000,4/2/2022,PayPal,2000,,,
262,1281,Customer_262,32,Male,UK,Charger,9,50,6/22/2021,Unknown,450,,,
263,1795,Customer_263,80,Male,Canada,Phone,1,100,8/31/2023,Credit Card,100,,,
264,1441,Customer_264,40,Female,India,Charger,2,2000,12/6/2023,Bank Transfer,4000,,,
265,1622,Customer_265,31,Male,USA,Headphones,5,,7/15/2022,Unknown,0,,,
266,1507,Customer_266,70,Female,France,Phone,0,2000,3/24/2021,Cash,0,,,
267,1259,Customer_267,74,Male,UK,Charger,8,,7/5/2023,Credit Card,0,,,
268,1611,Customer_268,47,Unknown,India,Headphones,4,2000,10/9/2023,Unknown,8000,,,
269,1718,Customer_269,78,Male,France,Tablet,,,3/15/2023,PayPal,0,,,
270,1341,Customer_270,67,Female,Unknown,Phone,1,250,4/13/2023,Cash,250,,,
271,1955,Customer_271,40,Female,Unknown,,8,250,1/3/2023,Cash,2000,,,
272,1502,Customer_272,28,Female,Japan,Headphones,9,2000,3/15/2021,Cash,18000,,,
273,1432,Customer_273,43,Unknown,USA,Phone,2,100,12/18/2023,Unknown,200,,,
274,1312,Customer_274,75,Unknown,Unknown,Phone,8,500,2/19/2023,Unknown,4000,,,
275,1983,Customer_275,23,Female,USA,Headphones,5,500,2/6/2023,PayPal,2500,,,
276,1855,Customer_276,46,Female,USA,Laptop,2,500,3/27/2021,PayPal,1000,,,
277,1612,Customer_277,77,Female,UK,Tablet,3,500,12/20/2022,PayPal,1500,,,
278,1900,Customer_278,49,Male,USA,Laptop,1,,1/1/2022,Unknown,0,,,
279,1325,Customer_279,57,Female,Germany,Headphones,3,250,3/23/2022,Unknown,750,,,
280,1112,Customer_280,84,Male,USA,Charger,2,2000,12/19/2022,Credit Card,4000,,,
281,1312,Customer_281,52,Male,Germany,Phone,1,500,4/5/2021,PayPal,500,,,
282,1572,Customer_282,46,Male,France,Phone,4,100,3/5/2023,Credit Card,400,,,
283,1649,Customer_283,48,Male,Germany,,5,250,7/19/2023,Unknown,1250,,,
284,1194,Customer_284,58,Female,Canada,Headphones,5,500,11/2/2022,Unknown,2500,,,
285,1997,Customer_285,38,Male,USA,,7,2000,3/13/2021,Bank Transfer,14000,,,
286,1673,Customer_286,60,Female,Canada,Headphones,8,500,10/7/2021,Bank Transfer,4000,,,
287,1069,Customer_287,56,Male,Germany,Headphones,7,100,5/8/2022,Unknown,700,,,
288,1636,Customer_288,33,Female,Unknown,Headphones,4,250,11/19/2021,Credit Card,1000,,,
289,1393,Customer_289,29,Male,Canada,Phone,2,250,8/28/2022,Cash,500,,,
290,1207,Customer_290,31,Male,Unknown,Tablet,0,2000,1/22/2023,Cash,0,,,
291,1251,Customer_291,39,Female,Unknown,Headphones,1,250,3/18/2022,Credit Card,250,,,
292,1540,Customer_292,82,Male,Canada,Laptop,7,,8/9/2022,Bank Transfer,0,,,
293,1322,Customer_293,28,Other,UK,Headphones,6,50,3/8/2021,Bank Transfer,300,,,
294,1010,Customer_294,54,Male,Japan,Phone,3,,11/11/2023,Bank Transfer,0,,,
295,1740,Customer_295,36,Other,India,Headphones,0,250,4/10/2022,Unknown,0,,,
296,1771,Customer_296,76,Male,UK,Tablet,4,1000,5/24/2023,PayPal,4000,,,
297,1944,Customer_297,34,Male,Germany,Phone,6,250,4/9/2021,Cash,1500,,,
298,1771,Customer_298,43,Female,Germany,Charger,0,1000,1/2/2023,PayPal,0,,,
299,1791,Customer_299,84,Other,India,,9,250,11/5/2022,PayPal,2250,,,
300,1731,Customer_300,23,Male,USA,Phone,4,,8/29/2021,Bank Transfer,0,,,
301,1695,Customer_301,30,Female,France,,2,,12/14/2021,Unknown,0,,,
302,1290,Customer_302,33,Female,Germany,Laptop,1,100,9/15/2023,Credit Card,100,,,
303,1293,Customer_303,35,Female,Unknown,Charger,0,1000,10/9/2021,Cash,0,,,
304,1305,Customer_304,60,Unknown,Canada,Laptop,1,50,3/21/2023,Credit Card,50,,,
305,1855,Customer_305,74,Male,Japan,Charger,4,,4/10/2022,Bank Transfer,0,,,
306,1853,Customer_306,41,Male,Germany,Laptop,0,250,5/12/2023,PayPal,0,,,
307,1665,Customer_307,81,Female,USA,Tablet,,100,3/20/2021,Cash,0,,,
308,1401,Customer_308,53,Female,Canada,Charger,5,250,10/28/2021,PayPal,1250,,,
309,1186,Customer_309,21,Male,Canada,Charger,7,1000,7/1/2021,Cash,7000,,,
310,1194,Customer_310,18,Female,Canada,Charger,3,,12/4/2023,Cash,0,,,
311,1301,Customer_311,36,Male,Germany,Laptop,1,500,1/15/2022,PayPal,500,,,
312,1010,Customer_312,64,Male,Unknown,,9,100,6/17/2022,Credit Card,900,,,
313,1136,Customer_313,37,Male,India,,5,,10/11/2022,Unknown,0,,,
314,1757,Customer_314,60,Female,Germany,Charger,1,,8/26/2022,Bank Transfer,0,,,
315,1992,Customer_315,45,Other,Unknown,,2,1000,1/10/2023,Credit Card,2000,,,
316,1281,Customer_316,47,Female,Japan,Charger,7,50,5/6/2021,Unknown,350,,,
317,1355,Customer_317,17,Male,USA,,0,50,8/21/2023,Credit Card,0,,,
318,1579,Customer_318,63,Male,UK,Laptop,3,250,11/24/2021,PayPal,750,,,
319,1627,Customer_319,54,Female,India,Tablet,9,100,8/12/2022,Bank Transfer,900,,,
320,1321,Customer_320,45,Male,Japan,Phone,2,2000,12/23/2021,Cash,4000,,,
321,1519,Customer_321,47,Male,Unknown,Charger,0,100,8/7/2022,Bank Transfer,0,,,
322,1454,Customer_322,42,Male,Japan,Laptop,0,1000,12/20/2022,PayPal,0,,,
323,1867,Customer_323,27,Female,France,Headphones,2,1000,6/4/2022,Credit Card,2000,,,
324,1225,Customer_324,61,Female,USA,Tablet,1,50,6/10/2022,Cash,50,,,
325,1679,Customer_325,75,Male,Unknown,Charger,0,100,9/16/2022,Credit Card,0,,,
326,1978,Customer_326,65,Female,France,Charger,9,50,7/23/2021,Bank Transfer,450,,,
327,1220,Customer_327,82,Female,Canada,,9,500,7/31/2022,Unknown,4500,,,
328,1422,Customer_328,84,Male,USA,Charger,7,,8/26/2021,Bank Transfer,0,,,
329,1901,Customer_329,55,Male,UK,Headphones,7,2000,8/15/2021,Cash,14000,,,
330,1137,Customer_330,25,Female,Unknown,Headphones,0,100,3/11/2022,Bank Transfer,0,,,
331,1168,Customer_331,61,Female,Japan,,6,2000,3/2/2021,Bank Transfer,12000,,,
332,1489,Customer_332,18,Male,Unknown,Charger,,2000,1/5/2021,PayPal,0,,,
333,1324,Customer_333,65,Female,Unknown,,6,2000,12/14/2022,Unknown,12000,,,
334,1506,Customer_334,54,Female,Germany,Tablet,2,100,3/22/2021,Cash,200,,,
335,1215,Customer_335,59,Male,Canada,Phone,0,2000,8/29/2021,Bank Transfer,0,,,
336,1744,Customer_336,81,Female,India,Headphones,9,2000,10/4/2021,PayPal,18000,,,
337,1405,Customer_337,69,Female,France,Charger,,100,10/16/2022,Unknown,0,,,
338,1601,Customer_338,72,Male,Canada,Laptop,9,2000,4/14/2023,Credit Card,18000,,,
339,1818,Customer_339,53,Male,Canada,Charger,3,50,6/1/2021,Cash,150,,,
340,1932,Customer_340,45,Male,USA,Charger,,2000,4/13/2022,Unknown,0,,,
341,1044,Customer_341,,Female,Germany,Tablet,2,500,4/1/2023,Cash,1000,,,
342,1604,Customer_342,36,Female,India,Phone,5,250,9/17/2022,Unknown,1250,,,
343,1995,Customer_343,73,Female,USA,,8,250,12/31/2022,Bank Transfer,2000,,,
344,1339,Customer_344,28,Male,Germany,Headphones,3,,5/1/2022,Cash,0,,,
345,1337,Customer_345,83,Female,USA,Laptop,0,50,3/14/2023,Credit Card,0,,,
346,1999,Customer_346,68,Female,Germany,Tablet,3,1000,9/17/2022,Credit Card,3000,,,
347,1383,Customer_347,49,Female,UK,Tablet,1,100,1/6/2023,PayPal,100,,,
348,1108,Customer_348,74,Female,Germany,,5,,5/19/2022,Credit Card,0,,,
349,1573,Customer_349,73,Female,UK,,6,100,5/7/2023,Credit Card,600,,,
350,1872,Customer_350,53,Female,USA,Tablet,0,1000,1/6/2021,Credit Card,0,,,
351,1247,Customer_351,27,Male,Germany,Tablet,0,2000,1/1/2021,Credit Card,0,,,
352,1759,Customer_352,71,Female,India,Tablet,9,100,12/24/2021,Cash,900,,,
353,1014,Customer_353,29,Male,UK,,9,2000,4/17/2022,Credit Card,18000,,,
354,1974,Customer_354,34,Female,France,,0,1000,6/13/2023,Credit Card,0,,,
355,1535,Customer_355,82,Female,Unknown,,7,250,6/25/2022,PayPal,1750,,,
356,1830,Customer_356,69,Female,Unknown,,1,2000,6/16/2022,Bank Transfer,2000,,,
357,1924,Customer_357,43,Female,Unknown,Tablet,,50,11/18/2023,Cash,0,,,
358,1629,Customer_358,16,Male,UK,Phone,7,1000,3/27/2021,Unknown,7000,,,
359,1592,Customer_359,27,Female,UK,Phone,0,,6/1/2021,Bank Transfer,0,,,
360,1752,Customer_360,83,Other,Japan,Laptop,6,1000,12/13/2021,Credit Card,6000,,,
361,1238,Customer_361,78,Male,USA,Tablet,2,50,10/16/2021,Bank Transfer,100,,,
362,1152,Customer_362,76,Female,Canada,Headphones,9,2000,3/20/2023,Unknown,18000,,,
363,1126,Customer_363,18,Female,UK,Tablet,1,,4/17/2023,PayPal,0,,,
364,1143,Customer_364,21,Male,Germany,Laptop,2,1000,2/27/2023,Unknown,2000,,,
365,1945,Customer_365,16,Male,Japan,,8,250,6/1/2023,Unknown,2000,,,
366,1464,Customer_366,18,Male,Japan,Laptop,,1000,9/16/2022,Credit Card,0,,,
367,1639,Customer_367,66,Female,USA,Laptop,7,2000,11/14/2023,Unknown,14000,,,
368,1494,Customer_368,18,Male,Germany,Laptop,6,,1/30/2021,PayPal,0,,,
369,1596,Customer_369,24,Male,UK,,0,1000,5/19/2021,PayPal,0,,,
370,1747,Customer_370,33,Male,USA,Headphones,8,50,12/21/2021,Unknown,400,,,
371,1751,Customer_371,41,Male,Canada,Charger,0,500,10/13/2022,Cash,0,,,
372,1218,Customer_372,37,Male,Canada,Phone,3,500,9/29/2021,Credit Card,1500,,,
373,1885,Customer_373,80,Female,India,Laptop,0,50,12/10/2022,Credit Card,0,,,
374,1516,Customer_374,,Male,Germany,Headphones,8,500,8/22/2023,PayPal,4000,,,
375,1149,Customer_375,41,Male,Japan,Phone,3,500,4/16/2021,Cash,1500,,,
376,1544,Customer_376,77,Other,USA,Laptop,2,2000,1/3/2021,Credit Card,4000,,,
377,1423,Customer_377,84,Male,India,,1,2000,3/14/2022,Bank Transfer,2000,,,
378,1385,Customer_378,30,Male,Germany,Tablet,4,50,2/3/2021,Unknown,200,,,
379,1866,Customer_379,35,Female,Japan,,9,50,3/7/2023,Cash,450,,,
380,1106,Customer_380,63,Female,Canada,Laptop,4,1000,5/11/2023,Bank Transfer,4000,,,
381,1466,Customer_381,43,Female,Japan,,,50,8/14/2021,Unknown,0,,,
382,1615,Customer_382,72,Male,Unknown,Tablet,,50,4/15/2023,Cash,0,,,
383,1858,Customer_383,52,Male,Japan,Laptop,3,2000,2/23/2022,Credit Card,6000,,,
384,1359,Customer_384,66,Male,Japan,Phone,,100,1/18/2021,Credit Card,0,,,
385,1419,Customer_385,35,Other,Germany,Charger,5,1000,2/7/2021,PayPal,5000,,,
386,1570,Customer_386,22,Male,India,Headphones,3,,6/27/2023,Cash,0,,,
387,1934,Customer_387,66,Male,France,Tablet,6,50,9/19/2022,Unknown,300,,,
388,1769,Customer_388,73,Female,UK,Charger,3,2000,10/11/2023,Unknown,6000,,,
389,1488,Customer_389,24,Female,Unknown,Headphones,9,50,12/14/2023,Cash,450,,,
390,1436,Customer_390,48,Male,Japan,Tablet,3,1000,2/12/2022,PayPal,3000,,,
391,1913,Customer_391,80,Male,Canada,Headphones,,1000,11/30/2021,Credit Card,0,,,
392,1173,Customer_392,23,Male,France,Tablet,4,1000,10/23/2023,Bank Transfer,4000,,,
393,1790,Customer_393,65,Female,Canada,,1,50,4/28/2022,Unknown,50,,,
394,1510,Customer_394,63,Male,UK,Headphones,6,50,8/17/2021,Bank Transfer,300,,,
395,1053,Customer_395,78,Male,Japan,Laptop,1,250,3/29/2022,PayPal,250,,,
396,1985,Customer_396,24,Female,India,Headphones,9,1000,2/12/2023,PayPal,9000,,,
397,1330,Customer_397,25,Female,Canada,Phone,2,250,9/20/2023,PayPal,500,,,
398,1495,Customer_398,36,Unknown,Unknown,Laptop,9,100,1/31/2022,Credit Card,900,,,
399,1896,Customer_399,35,Male,Canada,Tablet,4,250,11/24/2022,PayPal,1000,,,
400,1803,Customer_400,27,Male,USA,,6,1000,6/4/2021,Credit Card,6000,,,
401,1881,Customer_401,65,Female,Japan,Charger,3,,2/12/2021,Cash,0,,,
402,1083,Customer_402,21,Female,India,,9,1000,6/21/2021,Credit Card,9000,,,
403,1350,Customer_403,32,Unknown,France,Headphones,9,,3/13/2023,Cash,0,,,
404,1583,Customer_404,72,Male,Japan,,6,1000,2/5/2022,Unknown,6000,,,
405,1039,Customer_405,84,Female,Germany,Charger,0,1000,3/27/2022,Unknown,0,,,
406,1855,Customer_406,66,Male,Unknown,Laptop,6,2000,2/21/2023,Cash,12000,,,
407,1501,Customer_407,82,Female,Canada,Headphones,1,50,7/23/2021,Credit Card,50,,,
408,1851,Customer_408,18,Unknown,India,Laptop,4,500,4/15/2021,Bank Transfer,2000,,,
409,1886,Customer_409,63,Male,UK,Phone,3,2000,3/21/2021,Cash,6000,,,
410,1334,Customer_410,21,Female,Japan,Headphones,4,50,9/16/2021,Cash,200,,,
411,1029,Customer_411,20,Female,Canada,,2,2000,4/23/2022,PayPal,4000,,,
412,1019,Customer_412,31,Male,UK,,0,1000,11/25/2021,Credit Card,0,,,
413,1293,Customer_413,68,Other,France,Charger,4,100,1/7/2022,Unknown,400,,,
414,1001,Customer_414,32,Male,Germany,Tablet,2,50,9/30/2023,Credit Card,100,,,
415,1133,Customer_415,54,Male,Canada,Laptop,,1000,4/10/2022,Bank Transfer,0,,,
416,1361,Customer_416,20,Male,Germany,Phone,,50,6/24/2023,Bank Transfer,0,,,
417,1081,Customer_417,40,Male,Germany,Laptop,5,50,2/18/2022,Cash,250,,,
418,1675,Customer_418,36,Male,UK,Charger,8,500,3/6/2022,Credit Card,4000,,,
419,1589,Customer_419,23,Female,Canada,Charger,4,100,6/23/2021,Bank Transfer,400,,,
420,1025,Customer_420,61,Male,USA,Headphones,2,2000,4/13/2022,Bank Transfer,4000,,,
421,1609,Customer_421,49,Female,Canada,Charger,5,500,5/27/2022,Credit Card,2500,,,
422,1629,Customer_422,50,Male,USA,Laptop,3,1000,8/25/2022,Unknown,3000,,,
423,1477,Customer_423,41,Female,USA,Laptop,7,,12/14/2021,Credit Card,0,,,
424,1454,Customer_424,50,Female,France,Headphones,0,500,6/5/2022,Credit Card,0,,,
425,1442,Customer_425,68,Male,Unknown,Phone,2,,4/22/2022,Bank Transfer,0,,,
426,1413,Customer_426,30,Male,Unknown,,6,50,2/9/2021,Bank Transfer,300,,,
427,1593,Customer_427,82,Female,France,Phone,,100,12/30/2021,PayPal,0,,,
428,1405,Customer_428,56,Female,USA,Charger,6,250,2/12/2021,Credit Card,1500,,,
429,1144,Customer_429,24,Female,India,,8,2000,4/19/2022,Unknown,16000,,,
430,1286,Customer_430,51,Female,Unknown,Tablet,9,500,6/14/2022,Unknown,4500,,,
431,1439,Customer_431,67,Unknown,Canada,Phone,5,500,4/22/2021,Bank Transfer,2500,,,
432,1464,Customer_432,73,Female,Japan,Tablet,,50,8/2/2021,Bank Transfer,0,,,
433,1158,Customer_433,25,Unknown,France,,,,3/2/2022,Unknown,0,,,
434,1012,Customer_434,45,Male,Japan,Phone,,2000,1/23/2023,PayPal,0,,,
435,1602,Customer_435,73,Male,France,Tablet,8,250,8/15/2023,Cash,2000,,,
436,1467,Customer_436,74,Unknown,France,Laptop,6,500,10/22/2021,Credit Card,3000,,,
437,1400,Customer_437,46,Male,Japan,Charger,5,50,2/28/2022,Unknown,250,,,
438,1092,Customer_438,40,Female,India,Charger,3,500,10/3/2021,Cash,1500,,,
439,1550,Customer_439,54,Other,UK,Tablet,4,50,4/22/2023,PayPal,200,,,
440,1354,Customer_440,71,Female,Japan,Charger,2,50,7/2/2023,PayPal,100,,,
441,1519,Customer_441,45,Female,USA,Phone,0,100,4/14/2021,Cash,0,,,
442,1618,Customer_442,18,Female,Canada,,2,500,10/21/2023,Cash,1000,,,
443,1165,Customer_443,46,Female,India,Phone,8,2000,11/6/2023,Cash,16000,,,
444,1014,Customer_444,61,Female,France,Headphones,0,,9/12/2023,Bank Transfer,0,,,
445,1625,Customer_445,50,Other,Unknown,Headphones,5,500,5/28/2021,Credit Card,2500,,,
446,1640,Customer_446,28,Male,Japan,Laptop,7,50,5/4/2022,PayPal,350,,,
447,1480,Customer_447,45,Female,Japan,Tablet,0,2000,12/25/2023,Cash,0,,,
448,1642,Customer_448,,Male,UK,,8,,12/1/2021,Bank Transfer,0,,,
449,1998,Customer_449,26,Female,Japan,Headphones,,,4/4/2023,Unknown,0,,,
450,1037,Customer_450,26,Female,Canada,Phone,8,500,12/28/2021,PayPal,4000,,,
451,1943,Customer_451,83,Female,Canada,Laptop,0,,2/7/2022,Bank Transfer,0,,,
452,1062,Customer_452,37,Male,India,Tablet,1,1000,5/24/2021,Bank Transfer,1000,,,
453,1445,Customer_453,84,Other,Canada,,8,1000,10/29/2022,Cash,8000,,,
454,1526,Customer_454,46,Male,Unknown,,,2000,11/30/2023,Bank Transfer,0,,,
455,1061,Customer_455,46,Female,Canada,Tablet,0,250,6/3/2021,Credit Card,0,,,
456,1892,Customer_456,18,Male,Canada,Tablet,9,,4/9/2021,Credit Card,0,,,
457,1361,Customer_457,50,Female,Japan,,4,1000,8/16/2023,Unknown,4000,,,
458,1081,Customer_458,75,Male,France,Charger,8,500,7/19/2021,Cash,4000,,,
459,1549,Customer_459,25,Male,Unknown,Headphones,8,50,2/27/2022,PayPal,400,,,
460,1222,Customer_460,42,Female,UK,Headphones,7,2000,4/21/2023,Cash,14000,,,
461,1403,Customer_461,27,Female,Unknown,Charger,9,50,12/23/2022,Bank Transfer,450,,,
462,1442,Customer_462,30,Male,Japan,Charger,9,250,12/25/2023,Cash,2250,,,
463,1006,Customer_463,41,Female,Canada,Phone,0,500,6/18/2023,Unknown,0,,,
464,1868,Customer_464,43,Male,Canada,Phone,6,500,11/21/2023,Credit Card,3000,,,
465,1986,Customer_465,28,Female,USA,Tablet,4,250,10/4/2023,Unknown,1000,,,
466,1583,Customer_466,59,Female,Germany,Charger,6,50,2/13/2022,Bank Transfer,300,,,
467,1845,Customer_467,53,Other,Canada,Tablet,4,1000,4/12/2023,Unknown,4000,,,
468,1241,Customer_468,19,Female,UK,,0,100,8/18/2023,PayPal,0,,,
469,1846,Customer_469,62,Female,USA,Laptop,3,500,6/19/2023,Unknown,1500,,,
470,1966,Customer_470,23,Male,Canada,Headphones,6,100,4/9/2023,PayPal,600,,,
471,1224,Customer_471,81,Female,Germany,Laptop,9,50,6/8/2023,Unknown,450,,,
472,1563,Customer_472,23,Male,Unknown,Phone,6,,4/9/2021,Bank Transfer,0,,,
473,1865,Customer_473,74,Female,India,,2,,5/23/2023,Credit Card,0,,,
474,1259,Customer_474,74,Other,Germany,Phone,1,500,4/26/2022,PayPal,500,,,
475,1128,Customer_475,32,Male,Unknown,,8,500,9/10/2021,Cash,4000,,,
476,1104,Customer_476,45,Female,Germany,Phone,,100,3/7/2022,Cash,0,,,
477,1638,Customer_477,66,Female,USA,Headphones,6,250,9/14/2023,PayPal,1500,,,
478,1126,Customer_478,72,Male,Japan,Phone,1,50,9/16/2021,Cash,50,,,
479,1333,Customer_479,25,Other,India,Charger,7,250,10/4/2023,Cash,1750,,,
480,1606,Customer_480,49,Female,Unknown,Headphones,3,50,7/26/2021,Unknown,150,,,
481,1165,Customer_481,30,Male,USA,Charger,7,250,8/21/2023,Unknown,1750,,,
482,1625,Customer_482,40,Male,Japan,Laptop,3,250,12/15/2021,Credit Card,750,,,
483,1564,Customer_483,29,Male,India,Tablet,0,2000,8/9/2021,PayPal,0,,,
484,1851,Customer_484,40,Female,UK,Tablet,3,250,11/23/2023,Unknown,750,,,
485,1770,Customer_485,68,Male,USA,Charger,8,1000,4/6/2023,Credit Card,8000,,,
486,1994,Customer_486,32,Female,Japan,Phone,1,100,11/12/2022,PayPal,100,,,
487,1493,Customer_487,81,Male,UK,Headphones,3,100,3/11/2021,PayPal,300,,,
488,1224,Customer_488,63,Male,Germany,Charger,,,4/2/2022,PayPal,0,,,
489,1526,Customer_489,17,Male,France,Headphones,2,100,4/8/2022,Credit Card,200,,,
490,1514,Customer_490,78,Female,Germany,Tablet,9,50,5/28/2022,Bank Transfer,450,,,
491,1859,Customer_491,67,Female,USA,Tablet,2,50,4/18/2023,Bank Transfer,100,,,
492,1986,Customer_492,68,Female,Japan,Tablet,9,50,5/8/2022,Cash,450,,,
493,1366,Customer_493,42,Male,Canada,Phone,4,500,6/29/2021,PayPal,2000,,,
494,1238,Customer_494,72,Male,USA,Charger,0,,12/14/2022,Cash,0,,,
495,1672,Customer_495,38,Female,UK,Phone,2,1000,10/5/2023,Cash,2000,,,
496,1978,Customer_496,76,Male,France,Tablet,6,500,7/8/2022,Bank Transfer,3000,,,
497,1951,Customer_497,27,Other,India,Tablet,0,100,5/14/2021,Cash,0,,,
498,1377,Customer_498,,Unknown,USA,Laptop,4,250,9/6/2022,Cash,1000,,,
499,1288,Customer_499,58,Male,Japan,,1,1000,11/21/2023,Unknown,1000,,,
500,1414,Customer_500,39,Female,Unknown,Charger,9,500,7/4/2022,PayPal,4500,,,
501,1771,Customer_501,72,Female,Unknown,Tablet,5,500,8/9/2023,Credit Card,2500,,,
502,1735,Customer_502,40,Male,USA,Charger,,500,1/15/2022,Credit Card,0,,,
503,1233,Customer_503,35,Male,India,Tablet,4,500,2/23/2023,Unknown,2000,,,
504,1219,Customer_504,62,Male,India,Laptop,7,,10/2/2021,Credit Card,0,,,
505,1247,Customer_505,60,Female,Unknown,Charger,6,100,2/9/2022,Cash,600,,,
506,1847,Customer_506,21,Female,Canada,Headphones,2,500,6/15/2021,Cash,1000,,,
507,1880,Customer_507,46,Male,Germany,Charger,4,2000,11/11/2021,Bank Transfer,8000,,,
508,1106,Customer_508,48,Female,UK,Charger,3,,4/21/2022,Cash,0,,,
509,1731,Customer_509,81,Female,UK,Laptop,,50,4/2/2021,Bank Transfer,0,,,
510,1846,Customer_510,17,Male,UK,Phone,5,500,8/5/2022,Cash,2500,,,
511,1111,Customer_511,60,Other,Germany,Headphones,9,2000,3/27/2021,Cash,18000,,,
512,1533,Customer_512,29,Unknown,Japan,Tablet,7,,10/6/2022,Cash,0,,,
513,1158,Customer_513,18,Male,USA,,1,2000,2/11/2023,Bank Transfer,2000,,,
514,1699,Customer_514,27,Unknown,Unknown,Charger,6,50,8/23/2022,Cash,300,,,
515,1852,Customer_515,66,Female,France,Tablet,9,250,4/10/2023,Bank Transfer,2250,,,
516,1799,Customer_516,19,Female,Unknown,Laptop,3,1000,7/7/2021,Unknown,3000,,,
517,1070,Customer_517,20,Male,France,Laptop,8,500,5/27/2021,Unknown,4000,,,
518,1736,Customer_518,68,Male,Japan,Headphones,6,250,8/26/2022,Bank Transfer,1500,,,
519,1391,Customer_519,84,Male,Japan,Tablet,8,1000,1/10/2021,PayPal,8000,,,
520,1589,Customer_520,60,Male,India,Laptop,2,,1/19/2021,Cash,0,,,
521,1189,Customer_521,26,Male,Unknown,Charger,,,1/22/2022,Cash,0,,,
522,1248,Customer_522,42,Male,Japan,Tablet,2,500,2/27/2022,Bank Transfer,1000,,,
523,1216,Customer_523,18,Female,Japan,Phone,1,,6/23/2021,Credit Card,0,,,
524,1223,Customer_524,36,Female,India,Headphones,1,250,4/25/2021,Bank Transfer,250,,,
525,1027,Customer_525,26,Female,Canada,Phone,2,,8/8/2023,PayPal,0,,,
526,1321,Customer_526,43,Female,India,Tablet,4,2000,3/5/2023,Unknown,8000,,,
527,1016,Customer_527,44,Unknown,UK,Laptop,9,50,8/20/2023,Unknown,450,,,
528,1474,Customer_528,59,Male,USA,Phone,,500,12/20/2022,Unknown,0,,,
529,1897,Customer_529,44,Other,Canada,Headphones,3,250,9/14/2021,Unknown,750,,,
530,1135,Customer_530,83,Unknown,Unknown,Headphones,,,11/21/2023,Bank Transfer,0,,,
531,1293,Customer_531,39,Male,Japan,Phone,,250,12/20/2023,PayPal,0,,,
532,1403,Customer_532,39,Male,India,Tablet,3,100,12/19/2021,Unknown,300,,,
533,1767,Customer_533,29,Female,Germany,Laptop,1,2000,8/11/2021,Credit Card,2000,,,
534,1880,Customer_534,41,Female,Unknown,,3,500,2/12/2021,Unknown,1500,,,
535,1191,Customer_535,18,Unknown,Unknown,Tablet,,500,6/12/2022,Bank Transfer,0,,,
536,1740,Customer_536,26,Female,Germany,Tablet,3,250,9/11/2021,Bank Transfer,750,,,
537,1888,Customer_537,62,Female,India,Headphones,8,2000,4/9/2022,Cash,16000,,,
538,1404,Customer_538,65,Other,Canada,Phone,2,1000,5/3/2023,Unknown,2000,,,
539,1089,Customer_539,21,Other,Canada,Headphones,1,500,7/18/2023,Bank Transfer,500,,,
540,1286,Customer_540,67,Female,India,Charger,0,500,4/4/2021,Credit Card,0,,,
541,1211,Customer_541,48,Male,Germany,Phone,1,500,5/2/2021,Cash,500,,,
542,1837,Customer_542,32,Female,India,Phone,1,2000,5/28/2021,Credit Card,2000,,,
543,1113,Customer_543,55,Unknown,France,Charger,6,,2/25/2023,Cash,0,,,
544,1398,Customer_544,33,Male,France,Laptop,2,100,8/14/2023,Cash,200,,,
545,1696,Customer_545,59,Female,Unknown,Phone,5,2000,6/13/2021,PayPal,10000,,,
546,1256,Customer_546,19,Female,UK,Charger,5,250,10/13/2021,Credit Card,1250,,,
547,1089,Customer_547,72,Female,France,,8,50,2/24/2022,Bank Transfer,400,,,
548,1796,Customer_548,64,Female,Germany,Laptop,,,10/19/2023,PayPal,0,,,
549,1577,Customer_549,56,Male,UK,,,,4/15/2022,Credit Card,0,,,
550,1277,Customer_550,48,Male,Canada,,1,250,4/15/2021,PayPal,250,,,
551,1956,Customer_551,79,Female,UK,Charger,,,9/28/2021,Credit Card,0,,,
552,1540,Customer_552,43,Female,UK,Phone,1,2000,11/18/2023,Unknown,2000,,,
553,1008,Customer_553,67,Female,France,Laptop,0,50,1/26/2022,Credit Card,0,,,
554,1808,Customer_554,61,Female,Japan,Headphones,1,100,8/12/2023,PayPal,100,,,
555,1020,Customer_555,75,Male,Germany,Phone,2,,9/30/2023,Credit Card,0,,,
556,1438,Customer_556,55,Female,Unknown,Laptop,6,100,12/15/2021,Unknown,600,,,
557,1760,Customer_557,25,Male,Unknown,Phone,,500,12/9/2023,Cash,0,,,
558,1607,Customer_558,69,Female,Unknown,,2,250,6/20/2022,Cash,500,,,
559,1991,Customer_559,64,Female,India,Phone,8,50,12/8/2022,Unknown,400,,,
560,1622,Customer_560,59,Female,USA,Laptop,3,250,12/5/2023,Bank Transfer,750,,,
561,1747,Customer_561,43,Female,Unknown,Headphones,3,100,7/9/2021,Unknown,300,,,
562,1551,Customer_562,54,Male,Canada,Tablet,1,1000,3/12/2023,Bank Transfer,1000,,,
563,1281,Customer_563,41,Male,Germany,Phone,8,250,9/18/2022,Unknown,2000,,,
564,1687,Customer_564,16,Male,India,Charger,7,2000,11/15/2022,PayPal,14000,,,
565,1125,Customer_565,23,Male,UK,Charger,5,100,5/8/2023,Unknown,500,,,
566,1716,Customer_566,49,Female,France,Phone,7,100,9/18/2021,Credit Card,700,,,
567,1898,Customer_567,30,Male,UK,Laptop,,1000,10/12/2022,Bank Transfer,0,,,
568,1223,Customer_568,81,Male,UK,Phone,3,1000,2/28/2023,PayPal,3000,,,
569,1544,Customer_569,27,Male,France,,3,50,6/12/2023,Cash,150,,,
570,1864,Customer_570,73,Male,India,,3,500,2/10/2021,PayPal,1500,,,
571,1297,Customer_571,33,Male,Unknown,Charger,,100,6/13/2022,PayPal,0,,,
572,1233,Customer_572,74,Female,UK,Headphones,1,50,3/17/2021,Bank Transfer,50,,,
573,1076,Customer_573,76,Female,Japan,Phone,,1000,3/25/2022,Credit Card,0,,,
574,1810,Customer_574,22,Male,India,Headphones,0,250,3/13/2023,PayPal,0,,,
575,1965,Customer_575,57,Male,India,Tablet,,250,8/8/2022,Unknown,0,,,
576,1515,Customer_576,81,Female,Japan,Laptop,4,500,12/24/2021,Unknown,2000,,,
577,1869,Customer_577,61,Male,Unknown,Tablet,5,50,10/29/2023,Cash,250,,,
578,1703,Customer_578,74,Other,France,Laptop,2,250,8/25/2021,Bank Transfer,500,,,
579,1197,Customer_579,63,Female,Japan,Tablet,6,1000,11/15/2022,Unknown,6000,,,
580,1434,Customer_580,83,Male,Japan,Phone,3,50,9/17/2021,Bank Transfer,150,,,
581,1450,Customer_581,38,Male,India,Headphones,1,100,7/27/2022,PayPal,100,,,
582,1730,Customer_582,33,Male,USA,Phone,5,1000,6/29/2021,Credit Card,5000,,,
583,1231,Customer_583,36,Male,Canada,Phone,6,50,10/24/2022,Unknown,300,,,
584,1467,Customer_584,29,Male,Unknown,Headphones,0,1000,12/26/2022,Credit Card,0,,,
585,1401,Customer_585,65,Female,UK,Charger,6,,9/22/2022,Bank Transfer,0,,,
586,1915,Customer_586,23,Male,Canada,,0,1000,12/18/2023,Credit Card,0,,,
587,1669,Customer_587,19,Male,Canada,Laptop,4,1000,12/15/2022,Credit Card,4000,,,
588,1201,Customer_588,,Female,USA,Laptop,9,2000,5/19/2022,PayPal,18000,,,
589,1179,Customer_589,39,Male,Canada,Charger,0,,9/24/2022,Cash,0,,,
590,1790,Customer_590,39,Male,Germany,Phone,0,50,3/8/2023,Credit Card,0,,,
591,1302,Customer_591,64,Female,USA,Phone,5,50,7/2/2023,Bank Transfer,250,,,
592,1386,Customer_592,35,Male,France,Tablet,0,100,10/13/2022,Credit Card,0,,,
593,1755,Customer_593,28,Male,France,Phone,4,250,7/5/2022,Cash,1000,,,
594,1049,Customer_594,73,Female,UK,Headphones,7,500,1/2/2022,Unknown,3500,,,
595,1377,Customer_595,49,Female,Japan,Laptop,3,,2/22/2023,PayPal,0,,,
596,1509,Customer_596,62,Female,Japan,Charger,5,50,10/13/2021,Unknown,250,,,
597,1520,Customer_597,20,Female,Germany,Charger,8,500,5/18/2022,PayPal,4000,,,
598,1496,Customer_598,31,Female,USA,,9,,10/3/2022,PayPal,0,,,
599,1402,Customer_599,42,Male,Unknown,Laptop,5,100,7/14/2022,PayPal,500,,,
600,1419,Customer_600,57,Female,Germany,Charger,7,,12/25/2023,Bank Transfer,0,,,
601,1935,Customer_601,75,Male,India,,7,2000,5/26/2023,Cash,14000,,,
602,1922,Customer_602,46,Female,USA,Phone,2,500,11/24/2023,Credit Card,1000,,,
603,1745,Customer_603,29,Male,France,,0,1000,2/14/2021,Cash,0,,,
604,1347,Customer_604,30,Male,Canada,Headphones,6,2000,2/16/2022,Unknown,12000,,,
605,1234,Customer_605,35,Male,Germany,Phone,5,,9/9/2023,Credit Card,0,,,
606,1626,Customer_606,73,Male,UK,Phone,9,500,7/26/2023,Bank Transfer,4500,,,
607,1071,Customer_607,43,Female,Germany,Laptop,7,100,8/22/2023,Credit Card,700,,,
608,1105,Customer_608,42,Female,Unknown,Tablet,2,250,1/1/2022,Unknown,500,,,
609,1495,Customer_609,16,Female,Japan,Charger,7,,4/12/2022,Bank Transfer,0,,,
610,1583,Customer_610,27,Female,USA,Tablet,4,50,11/23/2023,Credit Card,200,,,
611,1593,Customer_611,74,Male,Unknown,Charger,3,50,4/10/2023,Unknown,150,,,
612,1890,Customer_612,39,Female,Unknown,Headphones,3,500,9/17/2023,Cash,1500,,,
613,1660,Customer_613,38,Male,France,Headphones,1,250,10/30/2021,Unknown,250,,,
614,1493,Customer_614,18,Male,India,,7,500,12/25/2023,Credit Card,3500,,,
615,1652,Customer_615,31,Male,UK,,9,500,6/26/2023,Cash,4500,,,
616,1794,Customer_616,62,Female,UK,,7,2000,4/18/2022,Cash,14000,,,
617,1750,Customer_617,81,Female,UK,,1,250,12/4/2021,Bank Transfer,250,,,
618,1891,Customer_618,52,Female,Germany,Headphones,4,1000,6/23/2022,Credit Card,4000,,,
619,1573,Customer_619,18,Female,India,Tablet,3,500,12/29/2021,Unknown,1500,,,
620,1295,Customer_620,76,Female,Germany,Laptop,3,2000,1/14/2023,Credit Card,6000,,,
621,1820,Customer_621,27,Male,Unknown,Phone,7,100,3/26/2022,Unknown,700,,,
622,1719,Customer_622,76,Other,USA,Headphones,3,250,12/28/2023,Cash,750,,,
623,1295,Customer_623,27,Female,Canada,Headphones,9,100,1/23/2022,Credit Card,900,,,
624,1126,Customer_624,37,Other,UK,,,250,6/9/2023,Cash,0,,,
625,1264,Customer_625,34,Male,UK,Headphones,1,250,1/15/2021,PayPal,250,,,
626,1410,Customer_626,27,Male,Canada,Phone,9,250,4/5/2021,Credit Card,2250,,,
627,1720,Customer_627,65,Female,France,Headphones,5,100,5/8/2023,Bank Transfer,500,,,
628,1258,Customer_628,38,Female,Japan,Phone,4,50,3/7/2021,PayPal,200,,,
629,1823,Customer_629,24,Female,Germany,Tablet,2,1000,3/6/2022,Unknown,2000,,,
630,1180,Customer_630,32,Male,UK,Phone,1,2000,11/5/2021,PayPal,2000,,,
631,1771,Customer_631,17,Female,India,Headphones,6,100,6/26/2022,Cash,600,,,
632,1295,Customer_632,52,Male,India,Headphones,5,500,2/24/2022,Credit Card,2500,,,
633,1179,Customer_633,76,Female,USA,Charger,5,2000,4/29/2022,Bank Transfer,10000,,,
634,1823,Customer_634,84,Female,Germany,Phone,8,100,1/17/2023,Unknown,800,,,
635,1832,Customer_635,49,Male,Japan,Headphones,5,50,1/1/2022,PayPal,250,,,
636,1205,Customer_636,25,Female,UK,,5,50,11/9/2021,Cash,250,,,
637,1199,Customer_637,17,Male,Canada,Phone,,500,2/2/2022,Bank Transfer,0,,,
638,1838,Customer_638,38,Male,Unknown,,1,,7/29/2022,Cash,0,,,
639,1029,Customer_639,18,Female,India,Headphones,,2000,8/20/2022,Unknown,0,,,
640,1024,Customer_640,18,Male,India,,0,250,9/2/2022,Bank Transfer,0,,,
641,1038,Customer_641,78,Female,India,Headphones,8,1000,6/3/2023,Cash,8000,,,
642,1719,Customer_642,62,Other,USA,Laptop,8,50,5/6/2022,Cash,400,,,
643,1330,Customer_643,68,Female,USA,,7,1000,12/1/2021,Cash,7000,,,
644,1152,Customer_644,31,Male,Germany,Charger,,50,8/6/2022,Unknown,0,,,
645,1032,Customer_645,45,Female,UK,Laptop,7,1000,10/2/2021,Cash,7000,,,
646,1958,Customer_646,28,Male,UK,Headphones,7,500,2/15/2022,Bank Transfer,3500,,,
647,1508,Customer_647,80,Female,USA,Laptop,9,,3/17/2022,Unknown,0,,,
648,1821,Customer_648,83,Female,Canada,Phone,5,1000,10/31/2021,Bank Transfer,5000,,,
649,1115,Customer_649,75,Female,UK,Charger,8,,8/30/2022,Bank Transfer,0,,,
650,1434,Customer_650,22,Male,Unknown,Phone,2,250,1/22/2021,PayPal,500,,,
651,1623,Customer_651,71,Male,Canada,Headphones,2,50,3/1/2022,Cash,100,,,
652,1980,Customer_652,65,Female,Canada,Laptop,1,,3/15/2022,Bank Transfer,0,,,
653,1179,Customer_653,45,Female,Japan,Charger,8,2000,2/17/2023,PayPal,16000,,,
654,1435,Customer_654,54,Female,India,Headphones,6,,3/3/2021,Credit Card,0,,,
655,1713,Customer_655,78,Female,UK,Headphones,4,100,3/18/2022,Credit Card,400,,,
656,1951,Customer_656,42,Other,Japan,Headphones,,2000,9/20/2022,Credit Card,0,,,
657,1625,Customer_657,29,Male,Canada,Charger,7,,6/27/2021,PayPal,0,,,
658,1584,Customer_658,70,Male,Japan,Charger,8,2000,3/30/2022,Cash,16000,,,
659,1000,Customer_659,55,Male,Unknown,Charger,0,250,8/27/2021,Unknown,0,,,
660,1225,Customer_660,73,Female,Germany,Phone,6,500,9/19/2022,Bank Transfer,3000,,,
661,1030,Customer_661,46,Male,Japan,Laptop,6,1000,12/12/2023,Credit Card,6000,,,
662,1788,Customer_662,22,Female,UK,Headphones,7,2000,7/10/2023,Bank Transfer,14000,,,
663,1023,Customer_663,81,Female,UK,Headphones,,250,6/17/2023,Cash,0,,,
664,1530,Customer_664,73,Male,Japan,Headphones,5,,3/27/2023,Unknown,0,,,
665,1060,Customer_665,84,Female,Japan,Charger,0,100,6/27/2021,Cash,0,,,
666,1111,Customer_666,75,Male,France,Laptop,4,2000,12/7/2022,PayPal,8000,,,
667,1443,Customer_667,21,Male,Unknown,Laptop,8,1000,4/21/2023,Bank Transfer,8000,,,
668,1635,Customer_668,60,Male,UK,Tablet,8,2000,12/4/2022,Cash,16000,,,
669,1468,Customer_669,63,Female,Japan,Tablet,9,,9/10/2022,Unknown,0,,,
670,1920,Customer_670,56,Female,USA,Tablet,7,,1/3/2023,Cash,0,,,
671,1531,Customer_671,78,Female,Unknown,Headphones,5,1000,3/30/2022,Unknown,5000,,,
672,1116,Customer_672,17,Male,Japan,Headphones,5,2000,2/6/2021,PayPal,10000,,,
673,1153,Customer_673,74,Male,Unknown,Laptop,2,,12/9/2022,Bank Transfer,0,,,
674,1126,Customer_674,52,Female,Japan,Headphones,8,500,4/21/2023,Cash,4000,,,
675,1518,Customer_675,59,Male,Unknown,Tablet,2,,6/15/2022,Unknown,0,,,
676,1450,Customer_676,57,Female,India,Charger,3,,5/21/2021,Bank Transfer,0,,,
677,1999,Customer_677,59,Male,USA,Laptop,0,100,7/14/2021,Cash,0,,,
678,1311,Customer_678,80,Female,Canada,Headphones,5,500,12/12/2023,Unknown,2500,,,
679,1071,Customer_679,79,Male,India,Laptop,1,50,11/19/2022,Credit Card,50,,,
680,1500,Customer_680,19,Female,UK,Laptop,7,500,1/1/2021,Bank Transfer,3500,,,
681,1093,Customer_681,52,Female,UK,Tablet,,500,5/6/2023,Bank Transfer,0,,,
682,1522,Customer_682,45,Unknown,Germany,Phone,5,2000,3/23/2022,Cash,10000,,,
683,1455,Customer_683,61,Male,Japan,Charger,,50,10/12/2023,Bank Transfer,0,,,
684,1248,Customer_684,45,Male,Germany,Laptop,3,,11/11/2023,Unknown,0,,,
685,1484,Customer_685,73,Male,UK,Headphones,,1000,4/26/2023,Cash,0,,,
686,1400,Customer_686,44,Male,France,Phone,3,50,7/26/2021,PayPal,150,,,
687,1583,Customer_687,82,Female,India,Headphones,0,500,12/24/2022,PayPal,0,,,
688,1174,Customer_688,65,Female,Canada,Headphones,3,250,8/14/2021,PayPal,750,,,
689,1939,Customer_689,18,Female,Japan,Tablet,1,1000,1/1/2023,Credit Card,1000,,,
690,1191,Customer_690,52,Male,Japan,Charger,7,500,7/24/2023,Unknown,3500,,,
691,1413,Customer_691,55,Male,India,Phone,0,2000,1/3/2022,Unknown,0,,,
692,1554,Customer_692,42,Male,Japan,,8,1000,7/30/2021,Unknown,8000,,,
693,1234,Customer_693,50,Male,Japan,Headphones,5,,1/19/2022,Bank Transfer,0,,,
694,1527,Customer_694,74,Other,Unknown,,,1000,5/27/2021,Credit Card,0,,,
695,1118,Customer_695,34,Female,USA,Phone,8,250,9/26/2022,Cash,2000,,,
696,1259,Customer_696,18,Male,Unknown,Charger,9,250,9/7/2021,Unknown,2250,,,
697,1340,Customer_697,33,Male,India,Headphones,9,,4/27/2021,Cash,0,,,
698,1049,Customer_698,30,Male,Germany,Charger,7,50,7/24/2021,Bank Transfer,350,,,
699,1545,Customer_699,62,Female,Japan,,1,250,8/1/2022,Credit Card,250,,,
700,1765,Customer_700,41,Female,Germany,Laptop,5,1000,12/6/2023,Unknown,5000,,,
701,1743,Customer_701,56,Male,Canada,Headphones,3,50,7/24/2022,Credit Card,150,,,
702,1290,Customer_702,28,Female,USA,Laptop,3,500,9/29/2023,Credit Card,1500,,,
703,1063,Customer_703,33,Female,Canada,Headphones,4,,3/22/2023,PayPal,0,,,
704,1268,Customer_704,52,Female,Japan,Phone,8,250,9/30/2022,Credit Card,2000,,,
705,1874,Customer_705,60,Male,Unknown,,5,,2/25/2022,Cash,0,,,
706,1538,Customer_706,26,Female,Japan,Phone,5,500,12/12/2023,Bank Transfer,2500,,,
707,1455,Customer_707,28,Male,Unknown,,,500,12/15/2022,Cash,0,,,
708,1936,Customer_708,70,Female,Japan,Headphones,7,,11/1/2023,Bank Transfer,0,,,
709,1809,Customer_709,71,Male,USA,Phone,8,1000,1/6/2021,Unknown,8000,,,
710,1924,Customer_710,34,Male,USA,Tablet,0,2000,3/7/2023,Cash,0,,,
711,1253,Customer_711,16,Male,USA,Laptop,3,100,6/25/2021,PayPal,300,,,
712,1655,Customer_712,17,Male,UK,,3,500,5/15/2023,Bank Transfer,1500,,,
713,1234,Customer_713,20,Male,Japan,Headphones,3,1000,5/16/2021,Credit Card,3000,,,
714,1180,Customer_714,22,Male,USA,Headphones,6,1000,1/29/2021,Cash,6000,,,
715,1557,Customer_715,42,Female,UK,Headphones,6,500,7/9/2023,Unknown,3000,,,
716,1964,Customer_716,46,Other,USA,Phone,,50,1/21/2022,Bank Transfer,0,,,
717,1804,Customer_717,72,Male,France,,2,2000,7/4/2023,PayPal,4000,,,
718,1359,Customer_718,49,Male,Germany,,0,250,12/21/2023,PayPal,0,,,
719,1743,Customer_719,21,Female,France,,3,1000,4/23/2023,Unknown,3000,,,
720,1489,Customer_720,69,Female,India,Tablet,1,1000,2/2/2022,PayPal,1000,,,
721,1955,Customer_721,18,Male,USA,Charger,0,1000,8/31/2022,Cash,0,,,
722,1713,Customer_722,26,Female,Japan,,2,1000,8/27/2023,Unknown,2000,,,
723,1142,Customer_723,36,Unknown,UK,Tablet,0,50,12/10/2021,Cash,0,,,
724,1916,Customer_724,75,Female,Canada,Charger,,2000,1/10/2022,Unknown,0,,,
725,1801,Customer_725,77,Female,Japan,Phone,4,1000,8/27/2023,Credit Card,4000,,,
726,1725,Customer_726,39,Female,India,Charger,0,500,10/29/2022,Cash,0,,,
727,1725,Customer_727,62,Male,UK,Charger,,50,11/6/2023,PayPal,0,,,
728,1008,Customer_728,81,Male,USA,Tablet,2,250,8/24/2021,PayPal,500,,,
729,1665,Customer_729,70,Male,France,,6,50,11/2/2021,Credit Card,300,,,
730,1844,Customer_730,51,Unknown,UK,Laptop,7,,10/16/2022,Cash,0,,,
731,1757,Customer_731,45,Male,Unknown,Phone,5,100,3/31/2023,Cash,500,,,
732,1401,Customer_732,75,Male,France,Tablet,7,500,4/18/2022,Cash,3500,,,
733,1768,Customer_733,74,Female,UK,Laptop,7,2000,9/5/2022,Bank Transfer,14000,,,
734,1790,Customer_734,42,Male,Canada,Phone,2,1000,6/12/2022,Bank Transfer,2000,,,
735,1288,Customer_735,22,Female,USA,Charger,9,250,12/2/2022,Cash,2250,,,
736,1430,Customer_736,16,Male,Unknown,Charger,7,1000,10/3/2021,Bank Transfer,7000,,,
737,1094,Customer_737,55,Female,Japan,Laptop,8,,11/3/2023,Bank Transfer,0,,,
738,1889,Customer_738,32,Female,Germany,Laptop,,500,4/15/2022,Unknown,0,,,
739,1788,Customer_739,35,Male,Germany,Laptop,5,250,11/25/2023,Bank Transfer,1250,,,
740,1726,Customer_740,46,Female,India,Charger,3,1000,4/16/2023,PayPal,3000,,,
741,1207,Customer_741,47,Male,Unknown,Charger,1,2000,3/25/2021,Cash,2000,,,
742,1060,Customer_742,82,Male,USA,Tablet,3,,5/18/2021,Unknown,0,,,
743,1794,Customer_743,32,Female,USA,,,100,11/1/2022,Unknown,0,,,
744,1740,Customer_744,58,Female,Japan,Tablet,8,50,7/26/2022,Cash,400,,,
745,1446,Customer_745,46,Female,UK,Headphones,7,1000,5/30/2022,Unknown,7000,,,
746,1101,Customer_746,24,Male,France,Charger,3,100,6/11/2022,Credit Card,300,,,
747,1691,Customer_747,76,Other,Japan,Laptop,6,1000,6/19/2021,Credit Card,6000,,,
748,1447,Customer_748,47,Female,Japan,Phone,4,50,2/12/2022,Unknown,200,,,
749,1653,Customer_749,24,Other,USA,Laptop,9,500,9/21/2023,Credit Card,4500,,,
750,1868,Customer_750,36,Male,France,Phone,8,50,1/14/2021,Unknown,400,,,
751,1430,Customer_751,38,Male,Germany,Tablet,6,1000,7/26/2022,Bank Transfer,6000,,,
752,1774,Customer_752,43,Female,Japan,Charger,0,500,12/17/2023,PayPal,0,,,
753,1331,Customer_753,,Female,India,,,,8/26/2022,Credit Card,0,,,
754,1667,Customer_754,76,Female,India,Tablet,2,50,12/16/2022,Cash,100,,,
755,1386,Customer_755,35,Male,Germany,Headphones,5,1000,8/17/2021,Bank Transfer,5000,,,
756,1405,Customer_756,30,Female,USA,Headphones,0,50,2/26/2023,Credit Card,0,,,
757,1754,Customer_757,65,Male,UK,,3,2000,11/9/2023,PayPal,6000,,,
758,1596,Customer_758,72,Female,USA,Phone,5,2000,12/2/2022,PayPal,10000,,,
759,1702,Customer_759,50,Female,Canada,Phone,,,8/30/2023,Cash,0,,,
760,1284,Customer_760,36,Female,France,Headphones,8,2000,10/9/2023,Cash,16000,,,
761,1403,Customer_761,74,Female,UK,Laptop,4,500,7/16/2022,Credit Card,2000,,,
762,1578,Customer_762,67,Male,Unknown,Phone,3,500,4/10/2022,Unknown,1500,,,
763,1474,Customer_763,27,Male,India,Headphones,7,1000,2/8/2023,Bank Transfer,7000,,,
764,1724,Customer_764,84,Male,Unknown,,2,500,8/31/2023,Unknown,1000,,,
765,1872,Customer_765,80,Unknown,UK,Charger,2,500,12/31/2021,Credit Card,1000,,,
766,1416,Customer_766,56,Male,UK,Headphones,7,50,10/19/2023,Credit Card,350,,,
767,1605,Customer_767,64,Female,UK,Laptop,,,10/21/2022,Unknown,0,,,
768,1559,Customer_768,43,Male,UK,Headphones,7,2000,10/3/2022,Credit Card,14000,,,
769,1358,Customer_769,18,Male,Canada,Charger,6,500,3/28/2021,Cash,3000,,,
770,1808,Customer_770,76,Male,India,Tablet,2,50,3/23/2022,Credit Card,100,,,
771,1122,Customer_771,27,Male,UK,Laptop,,250,5/19/2023,PayPal,0,,,
772,1648,Customer_772,69,Male,Germany,Phone,9,2000,3/23/2021,PayPal,18000,,,
773,1687,Customer_773,21,Male,Germany,Tablet,9,100,6/4/2022,Cash,900,,,
774,1485,Customer_774,51,Female,France,Phone,4,250,12/30/2021,PayPal,1000,,,
775,1214,Customer_775,66,Male,USA,Charger,9,,1/12/2021,Unknown,0,,,
776,1181,Customer_776,18,Female,France,Charger,9,,4/8/2021,Bank Transfer,0,,,
777,1534,Customer_777,61,Female,Japan,Laptop,,,2/10/2021,Cash,0,,,
778,1192,Customer_778,69,Female,Germany,Tablet,7,1000,12/11/2023,Bank Transfer,7000,,,
779,1660,Customer_779,81,Unknown,Canada,Laptop,,,12/12/2023,Cash,0,,,
780,1415,Customer_780,24,Female,India,Phone,7,1000,1/25/2021,Cash,7000,,,
781,1364,Customer_781,53,Male,USA,Laptop,3,50,2/14/2021,PayPal,150,,,
782,1665,Customer_782,56,Male,Canada,Tablet,,500,2/22/2021,Bank Transfer,0,,,
783,1032,Customer_783,67,Unknown,Canada,Headphones,2,250,1/17/2021,PayPal,500,,,
784,1187,Customer_784,56,Female,USA,,8,500,9/18/2023,Bank Transfer,4000,,,
785,1904,Customer_785,75,Female,Germany,Tablet,6,500,1/26/2023,Cash,3000,,,
786,1080,Customer_786,66,Male,India,Headphones,2,,1/18/2021,Cash,0,,,
787,1581,Customer_787,68,Female,Unknown,,7,100,1/6/2023,Unknown,700,,,
788,1941,Customer_788,18,Female,Unknown,Charger,4,1000,3/8/2023,Bank Transfer,4000,,,
789,1006,Customer_789,35,Unknown,India,Charger,,1000,4/11/2023,PayPal,0,,,
790,1127,Customer_790,37,Female,UK,Phone,5,250,8/16/2021,Credit Card,1250,,,
791,1006,Customer_791,58,Male,Japan,,,100,9/15/2023,Unknown,0,,,
792,1632,Customer_792,64,Female,India,Laptop,3,,6/7/2023,Cash,0,,,
793,1740,Customer_793,44,Female,Unknown,Tablet,2,500,6/10/2023,Bank Transfer,1000,,,
794,1964,Customer_794,50,Female,France,Phone,1,500,9/21/2021,Unknown,500,,,
795,1160,Customer_795,72,Male,Germany,Headphones,7,50,9/29/2023,Bank Transfer,350,,,
796,1113,Customer_796,46,Female,Canada,,7,100,8/8/2021,Credit Card,700,,,
797,1137,Customer_797,69,Female,Germany,Headphones,6,50,1/14/2022,Credit Card,300,,,
798,1720,Customer_798,54,Female,Germany,Headphones,5,1000,2/20/2023,Bank Transfer,5000,,,
799,1871,Customer_799,55,Female,India,Tablet,6,1000,4/23/2022,PayPal,6000,,,
800,1795,Customer_800,80,Female,France,Phone,9,100,2/26/2023,PayPal,900,,,
801,1686,Customer_801,37,Female,Japan,Laptop,8,100,6/28/2021,Bank Transfer,800,,,
802,1813,Customer_802,29,Female,Germany,,0,1000,1/10/2022,Credit Card,0,,,
803,1533,Customer_803,29,Male,Canada,,2,2000,4/12/2021,Unknown,4000,,,
804,1532,Customer_804,74,Male,Japan,Laptop,8,1000,12/18/2023,Cash,8000,,,
805,1765,Customer_805,82,Female,UK,Phone,4,1000,12/14/2021,Bank Transfer,4000,,,
806,1366,Customer_806,,Male,Japan,,6,1000,6/26/2023,Unknown,6000,,,
807,1183,Customer_807,60,Male,Unknown,,1,250,12/13/2022,Bank Transfer,250,,,
808,1287,Customer_808,26,Male,France,Headphones,3,1000,1/6/2022,Cash,3000,,,
809,1159,Customer_809,81,Male,Unknown,Phone,0,,4/18/2022,Cash,0,,,
810,1370,Customer_810,75,Male,India,Tablet,8,,4/18/2023,Bank Transfer,0,,,
811,1675,Customer_811,72,Female,USA,Charger,2,1000,8/30/2023,Credit Card,2000,,,
812,1414,Customer_812,79,Male,India,Headphones,4,,5/9/2023,Credit Card,0,,,
813,1837,Customer_813,39,Female,USA,,7,500,12/8/2023,PayPal,3500,,,
814,1821,Customer_814,33,Male,Japan,Headphones,5,250,12/15/2021,Bank Transfer,1250,,,
815,1276,Customer_815,36,Male,Unknown,Tablet,1,500,4/2/2023,PayPal,500,,,
816,1034,Customer_816,81,Other,Germany,Charger,8,250,12/26/2023,Unknown,2000,,,
817,1717,Customer_817,70,Female,Germany,Laptop,1,2000,12/14/2021,Credit Card,2000,,,
818,1022,Customer_818,78,Female,Germany,Phone,2,50,1/26/2021,Cash,100,,,
819,1253,Customer_819,83,Female,Japan,Headphones,1,2000,3/1/2022,PayPal,2000,,,
820,1681,Customer_820,58,Male,France,Charger,0,250,6/14/2021,Credit Card,0,,,
821,1765,Customer_821,29,Male,Germany,,2,2000,11/24/2021,PayPal,4000,,,
822,1535,Customer_822,41,Female,Japan,Laptop,0,100,8/6/2023,Credit Card,0,,,
823,1349,Customer_823,26,Male,Germany,,4,250,5/11/2021,Cash,1000,,,
824,1329,Customer_824,46,Male,USA,Phone,8,50,10/5/2022,Cash,400,,,
825,1836,Customer_825,46,Male,India,Headphones,2,250,1/5/2023,Credit Card,500,,,
826,1382,Customer_826,58,Female,USA,Charger,4,,12/26/2022,PayPal,0,,,
827,1636,Customer_827,46,Female,Unknown,Laptop,,,9/23/2023,PayPal,0,,,
828,1762,Customer_828,57,Male,India,Phone,8,250,9/10/2022,Cash,2000,,,
829,1425,Customer_829,29,Male,France,Headphones,2,2000,11/3/2022,Credit Card,4000,,,
830,1669,Customer_830,65,Male,France,Phone,6,100,6/12/2021,Unknown,600,,,
831,1710,Customer_831,32,Male,UK,Headphones,2,2000,2/12/2021,Bank Transfer,4000,,,
832,1389,Customer_832,,Male,Germany,Tablet,2,250,3/10/2021,Cash,500,,,
833,1199,Customer_833,20,Male,UK,Phone,1,1000,1/12/2021,Cash,1000,,,
834,1819,Customer_834,58,Other,India,Phone,2,250,12/6/2021,Unknown,500,,,
835,1217,Customer_835,79,Unknown,USA,Tablet,,2000,1/3/2021,Credit Card,0,,,
836,1506,Customer_836,50,Male,UK,Headphones,5,1000,9/13/2023,Credit Card,5000,,,
837,1849,Customer_837,30,Male,France,Tablet,9,2000,12/2/2021,Credit Card,18000,,,
838,1483,Customer_838,71,Male,USA,Phone,0,500,8/25/2021,Credit Card,0,,,
839,1921,Customer_839,,Female,USA,Laptop,6,50,2/27/2023,PayPal,300,,,
840,1355,Customer_840,26,Female,Canada,Laptop,6,1000,6/5/2022,Credit Card,6000,,,
841,1552,Customer_841,45,Male,USA,Headphones,1,1000,7/31/2021,Unknown,1000,,,
842,1451,Customer_842,82,Male,Unknown,Phone,6,50,6/30/2022,Unknown,300,,,
843,1693,Customer_843,24,Female,UK,Headphones,1,,9/26/2021,PayPal,0,,,
844,1827,Customer_844,30,Male,Canada,Laptop,,500,6/11/2022,Cash,0,,,
845,1844,Customer_845,22,Unknown,USA,Laptop,,500,8/23/2021,PayPal,0,,,
846,1950,Customer_846,19,Male,Unknown,Headphones,5,1000,8/13/2022,Cash,5000,,,
847,1919,Customer_847,47,Female,Unknown,Headphones,1,100,8/20/2023,Credit Card,100,,,
848,1374,Customer_848,27,Male,UK,,9,,12/25/2023,Bank Transfer,0,,,
849,1862,Customer_849,45,Male,Germany,Laptop,9,50,4/28/2021,Credit Card,450,,,
850,1126,Customer_850,42,Male,France,Headphones,4,500,8/28/2021,Cash,2000,,,
851,1213,Customer_851,23,Other,Germany,Phone,1,500,4/16/2022,Credit Card,500,,,
852,1423,Customer_852,42,Other,Unknown,,2,1000,6/29/2023,PayPal,2000,,,
853,1465,Customer_853,,Female,Canada,Tablet,0,100,8/24/2021,PayPal,0,,,
854,1703,Customer_854,64,Male,India,,1,2000,5/4/2021,Bank Transfer,2000,,,
855,1929,Customer_855,66,Male,Unknown,Tablet,8,,10/8/2022,Credit Card,0,,,
856,1470,Customer_856,48,Other,UK,Tablet,2,100,3/1/2021,Credit Card,200,,,
857,1038,Customer_857,39,Female,Unknown,Tablet,9,250,1/23/2022,PayPal,2250,,,
858,1750,Customer_858,38,Male,USA,Tablet,8,100,10/26/2021,Cash,800,,,
859,1484,Customer_859,39,Female,Canada,,5,2000,8/25/2023,Cash,10000,,,
860,1121,Customer_860,77,Female,France,Phone,1,250,2/2/2022,Unknown,250,,,
861,1238,Customer_861,56,Male,UK,Charger,7,250,6/5/2021,Unknown,1750,,,
862,1768,Customer_862,46,Male,UK,Tablet,8,1000,9/11/2023,Cash,8000,,,
863,1378,Customer_863,18,Male,India,,8,250,10/20/2022,Credit Card,2000,,,
864,1745,Customer_864,35,Male,Unknown,Charger,4,,6/7/2022,Unknown,0,,,
865,1531,Customer_865,43,Male,France,Headphones,8,100,4/24/2022,Unknown,800,,,
866,1622,Customer_866,52,Female,France,Tablet,9,1000,12/3/2022,Credit Card,9000,,,
867,1664,Customer_867,20,Female,India,,7,100,6/26/2021,Unknown,700,,,
868,1133,Customer_868,31,Male,Germany,Laptop,,2000,8/6/2023,Unknown,0,,,
869,1115,Customer_869,38,Unknown,USA,,1,,6/30/2021,PayPal,0,,,
870,1093,Customer_870,21,Female,USA,Laptop,6,1000,2/14/2022,Bank Transfer,6000,,,
871,1467,Customer_871,77,Male,Canada,Tablet,3,,3/2/2023,Cash,0,,,
872,1968,Customer_872,22,Other,USA,Laptop,8,,3/5/2023,Credit Card,0,,,
873,1631,Customer_873,77,Male,India,Laptop,2,100,5/28/2023,Bank Transfer,200,,,
874,1880,Customer_874,33,Male,UK,,6,500,2/27/2021,Bank Transfer,3000,,,
875,1465,Customer_875,56,Female,Japan,Phone,8,,9/2/2023,PayPal,0,,,
876,1743,Customer_876,61,Male,USA,Tablet,7,100,2/12/2023,Cash,700,,,
877,1770,Customer_877,18,Male,USA,Laptop,,500,8/28/2021,Credit Card,0,,,
878,1675,Customer_878,66,Male,Japan,Tablet,6,50,10/24/2022,Bank Transfer,300,,,
879,1837,Customer_879,22,Female,USA,Phone,6,500,11/24/2023,PayPal,3000,,,
880,1677,Customer_880,16,Male,Unknown,Tablet,5,1000,4/6/2022,PayPal,5000,,,
881,1064,Customer_881,,Female,Canada,Tablet,9,50,5/24/2023,Bank Transfer,450,,,
882,1082,Customer_882,79,Male,Unknown,Tablet,1,500,2/13/2023,PayPal,500,,,
883,1293,Customer_883,45,Unknown,Unknown,Headphones,,1000,6/9/2021,Bank Transfer,0,,,
884,1283,Customer_884,82,Male,UK,Phone,6,500,1/29/2021,Bank Transfer,3000,,,
885,1942,Customer_885,66,Male,France,Tablet,2,1000,6/4/2021,Credit Card,2000,,,
886,1968,Customer_886,20,Male,France,,8,500,9/19/2022,Credit Card,4000,,,
887,1046,Customer_887,58,Male,UK,Phone,,250,10/13/2022,Cash,0,,,
888,1254,Customer_888,38,Female,Germany,Headphones,2,500,11/6/2022,Cash,1000,,,
889,1521,Customer_889,71,Female,USA,,6,,1/6/2022,Cash,0,,,
890,1343,Customer_890,42,Female,Germany,Charger,,100,11/16/2022,PayPal,0,,,
891,1473,Customer_891,19,Female,USA,Charger,4,500,8/14/2021,Unknown,2000,,,
892,1967,Customer_892,84,Female,Japan,Tablet,1,500,11/10/2022,Unknown,500,,,
893,1132,Customer_893,48,Female,Germany,Charger,9,500,6/6/2023,Credit Card,4500,,,
894,1908,Customer_894,35,Female,UK,Tablet,9,500,12/16/2021,Bank Transfer,4500,,,
895,1341,Customer_895,50,Male,Canada,,6,500,9/19/2023,Unknown,3000,,,
896,1545,Customer_896,63,Female,Canada,Headphones,,50,5/14/2023,Bank Transfer,0,,,
897,1920,Customer_897,32,Male,France,Headphones,6,,12/7/2023,Bank Transfer,0,,,
898,1662,Customer_898,22,Male,Germany,Laptop,3,100,2/21/2021,PayPal,300,,,
899,1232,Customer_899,63,Female,France,Phone,5,2000,10/28/2022,PayPal,10000,,,
900,1879,Customer_900,55,Female,USA,Tablet,9,1000,11/3/2022,Bank Transfer,9000,,,
901,1340,Customer_901,49,Female,France,Phone,1,,11/29/2021,Cash,0,,,
902,1770,Customer_902,26,Female,Germany,,1,2000,2/16/2021,Bank Transfer,2000,,,
903,1775,Customer_903,31,Male,Germany,Laptop,3,2000,7/6/2023,Cash,6000,,,
904,1685,Customer_904,34,Male,Germany,Tablet,7,50,8/14/2023,Credit Card,350,,,
905,1241,Customer_905,24,Female,USA,Laptop,7,2000,7/7/2021,PayPal,14000,,,
906,1957,Customer_906,44,Female,France,Laptop,0,250,5/12/2023,Bank Transfer,0,,,
907,1678,Customer_907,17,Male,France,Charger,4,250,2/17/2022,Cash,1000,,,
908,1818,Customer_908,55,Female,Japan,Phone,,250,1/30/2023,Credit Card,0,,,
909,1230,Customer_909,71,Female,India,Charger,6,50,11/10/2022,Unknown,300,,,
910,1789,Customer_910,22,Male,France,Tablet,6,50,1/20/2022,Cash,300,,,
911,1812,Customer_911,72,Female,Japan,Charger,2,2000,11/15/2023,Cash,4000,,,
912,1202,Customer_912,51,Female,France,Tablet,0,,7/22/2021,Unknown,0,,,
913,1662,Customer_913,38,Male,India,Headphones,1,250,5/28/2021,Credit Card,250,,,
914,1432,Customer_914,43,Male,France,,7,1000,8/23/2021,PayPal,7000,,,
915,1335,Customer_915,51,Female,UK,Tablet,2,,5/22/2021,Bank Transfer,0,,,
916,1755,Customer_916,24,Unknown,UK,Phone,1,100,8/13/2021,Bank Transfer,100,,,
917,1635,Customer_917,82,Male,France,Charger,8,250,9/2/2022,Bank Transfer,2000,,,
918,1690,Customer_918,75,Male,Germany,Phone,9,1000,7/23/2022,Bank Transfer,9000,,,
919,1539,Customer_919,70,Female,Canada,Phone,,250,12/11/2022,PayPal,0,,,
920,1866,Customer_920,25,Female,Canada,Headphones,5,500,4/28/2021,PayPal,2500,,,
921,1873,Customer_921,51,Female,UK,Phone,5,500,12/26/2022,PayPal,2500,,,
922,1284,Customer_922,16,Other,USA,Phone,9,1000,8/19/2021,Cash,9000,,,
923,1954,Customer_923,80,Male,USA,Laptop,8,250,3/31/2021,Unknown,2000,,,
924,1759,Customer_924,42,Female,India,Charger,1,1000,7/11/2023,Cash,1000,,,
925,1869,Customer_925,46,Male,Japan,,2,50,10/31/2021,PayPal,100,,,
926,1709,Customer_926,82,Unknown,UK,Charger,6,,5/30/2023,PayPal,0,,,
927,1752,Customer_927,58,Female,Germany,Phone,,1000,11/2/2022,Unknown,0,,,
928,1845,Customer_928,48,Male,Unknown,Laptop,6,2000,6/13/2022,Credit Card,12000,,,
929,1220,Customer_929,21,Female,Unknown,,1,250,10/28/2023,Credit Card,250,,,
930,1496,Customer_930,41,Female,USA,Headphones,7,500,10/12/2021,Bank Transfer,3500,,,
931,1509,Customer_931,58,Male,India,Headphones,9,100,1/13/2023,Cash,900,,,
932,1923,Customer_932,67,Female,Germany,Tablet,1,2000,6/2/2021,Bank Transfer,2000,,,
933,1969,Customer_933,39,Female,France,Headphones,7,2000,1/18/2023,Cash,14000,,,
934,1621,Customer_934,35,Male,UK,Phone,0,1000,4/19/2023,Bank Transfer,0,,,
935,1430,Customer_935,67,Male,Canada,,6,,7/21/2023,Credit Card,0,,,
936,1515,Customer_936,67,Male,India,Laptop,3,1000,8/24/2022,Cash,3000,,,
937,1471,Customer_937,57,Female,UK,Charger,,500,11/30/2023,PayPal,0,,,
938,1641,Customer_938,69,Male,France,Phone,3,2000,2/3/2021,Credit Card,6000,,,
939,1365,Customer_939,79,Male,USA,Tablet,6,,4/29/2021,PayPal,0,,,
940,1063,Customer_940,44,Female,France,Headphones,9,1000,10/5/2021,Credit Card,9000,,,
941,1284,Customer_941,44,Male,France,Charger,1,500,12/4/2022,Credit Card,500,,,
942,1856,Customer_942,56,Male,Germany,Headphones,7,250,5/14/2023,Credit Card,1750,,,
943,1094,Customer_943,69,Female,Unknown,,2,2000,10/31/2021,PayPal,4000,,,
944,1942,Customer_944,62,Male,Germany,Headphones,3,,1/28/2023,Bank Transfer,0,,,
945,1237,Customer_945,31,Female,Canada,Laptop,7,500,6/26/2023,Unknown,3500,,,
946,1526,Customer_946,83,Female,USA,Charger,7,50,7/3/2023,Credit Card,350,,,
947,1165,Customer_947,69,Female,India,Phone,5,50,7/15/2021,Unknown,250,,,
948,1864,Customer_948,59,Female,Unknown,Laptop,1,50,5/25/2023,Unknown,50,,,
949,1241,Customer_949,79,Male,India,Phone,4,2000,2/19/2021,Credit Card,8000,,,
950,1688,Customer_950,69,Male,Canada,,5,250,5/13/2023,PayPal,1250,,,
951,1199,Customer_951,26,Male,Canada,Charger,2,250,7/11/2022,Cash,500,,,
952,1551,Customer_952,16,Female,Germany,,3,2000,9/3/2022,Cash,6000,,,
953,1911,Customer_953,62,Male,India,Phone,8,1000,5/28/2023,Cash,8000,,,
954,1101,Customer_954,21,Female,Canada,Laptop,6,500,12/18/2023,Cash,3000,,,
955,1363,Customer_955,68,Other,Canada,Headphones,1,500,3/20/2021,Bank Transfer,500,,,
956,1801,Customer_956,30,Female,India,Laptop,4,,1/24/2022,Unknown,0,,,
957,1894,Customer_957,54,Female,Germany,Headphones,5,50,2/9/2023,Unknown,250,,,
958,1645,Customer_958,67,Male,France,Phone,1,,10/6/2023,Unknown,0,,,
959,1358,Customer_959,62,Female,France,Charger,8,2000,7/16/2023,PayPal,16000,,,
960,1487,Customer_960,84,Female,Germany,,0,500,11/24/2022,Credit Card,0,,,
961,1752,Customer_961,82,Female,UK,Laptop,3,500,8/19/2022,Cash,1500,,,
962,1854,Customer_962,55,Female,Unknown,Laptop,1,100,11/23/2023,Credit Card,100,,,
963,1948,Customer_963,75,Male,France,Phone,3,50,3/18/2022,Unknown,150,,,
964,1625,Customer_964,74,Male,USA,Tablet,9,2000,4/18/2022,Cash,18000,,,
965,1148,Customer_965,76,Male,Germany,Charger,,,4/3/2021,Cash,0,,,
966,1354,Customer_966,65,Male,UK,Laptop,9,,9/26/2023,Unknown,0,,,
967,1238,Customer_967,44,Female,Canada,Phone,9,500,2/14/2021,Bank Transfer,4500,,,
968,1924,Customer_968,39,Male,Canada,,5,1000,9/20/2023,Credit Card,5000,,,
969,1482,Customer_969,66,Female,India,Phone,0,250,6/14/2023,Cash,0,,,
970,1513,Customer_970,47,Female,Unknown,Phone,1,500,2/12/2021,Unknown,500,,,
971,1864,Customer_971,68,Male,Germany,Tablet,3,250,12/21/2022,Cash,750,,,
972,1281,Customer_972,,Female,India,Laptop,0,,6/14/2021,Cash,0,,,
973,1811,Customer_973,37,Female,Canada,Phone,6,50,2/10/2023,Bank Transfer,300,,,
974,1479,Customer_974,31,Male,Germany,Tablet,4,1000,7/4/2023,PayPal,4000,,,
975,1017,Customer_975,57,Female,India,Headphones,6,500,11/9/2021,Cash,3000,,,
976,1353,Customer_976,43,Male,Japan,Tablet,6,100,11/6/2023,PayPal,600,,,
977,1029,Customer_977,58,Male,USA,Laptop,0,100,1/19/2021,Credit Card,0,,,
978,1619,Customer_978,33,Female,Canada,Phone,8,50,12/13/2023,Bank Transfer,400,,,
979,1022,Customer_979,82,Male,India,Charger,7,100,10/3/2023,Credit Card,700,,,
980,1047,Customer_980,28,Unknown,Japan,Laptop,7,250,12/1/2023,Unknown,1750,,,
981,1438,Customer_981,46,Male,USA,Headphones,5,100,7/20/2023,PayPal,500,,,
982,1211,Customer_982,44,Female,Germany,Charger,1,1000,6/3/2022,PayPal,1000,,,
983,1493,Customer_983,30,Female,India,Charger,0,250,10/27/2023,PayPal,0,,,
984,1638,Customer_984,45,Male,India,Headphones,8,250,12/6/2021,PayPal,2000,,,
985,1505,Customer_985,28,Female,Japan,Charger,1,1000,8/10/2022,PayPal,1000,,,
986,1022,Customer_986,59,Female,Japan,Headphones,3,1000,4/17/2021,Credit Card,3000,,,
987,1551,Customer_987,27,Female,Canada,Laptop,2,1000,2/18/2023,Unknown,2000,,,
988,1575,Customer_988,21,Male,France,Laptop,9,2000,4/10/2021,Credit Card,18000,,,
989,1071,Customer_989,22,Female,Germany,Tablet,,1000,2/8/2023,Cash,0,,,
990,1397,Customer_990,45,Female,USA,Charger,6,1000,6/21/2022,Credit Card,6000,,,
991,1379,Customer_991,47,Female,Unknown,Headphones,0,2000,7/2/2023,Unknown,0,,,
992,1470,Customer_992,16,Female,India,Charger,8,2000,3/23/2022,Credit Card,16000,,,
993,1877,Customer_993,64,Male,Canada,Charger,8,1000,10/18/2023,Cash,8000,,,
994,1077,Customer_994,59,Male,India,Charger,7,500,3/26/2021,Credit Card,3500,,,
995,1001,Customer_995,27,Female,France,Phone,7,500,5/2/2023,Unknown,3500,,,
996,1377,Customer_996,72,Male,UK,Laptop,8,250,10/9/2023,Unknown,2000,,,
997,1003,Customer_997,54,Female,Germany,Laptop,2,50,7/8/2022,PayPal,100,,,
998,1727,Customer_998,,Female,Germany,Laptop,9,100,8/13/2021,Unknown,900,,,
999,1242,Customer_999,78,Male,Japan,Phone,3,250,12/22/2021,Unknown,750,,,
1000,1867,Customer_1000,54,Male,Germany,Phone,5,500,6/2/2023,Bank Transfer,2500,,,
